# ABMS : MySQL database backup
#
# Generated: Sunday 17. October 2021
# Hostname: localhost
# Database: abms
# --------------------------------------------------------


#
# Delete any existing table `tbl_support`
#

DROP TABLE IF EXISTS `tbl_support`;


#
# Table structure of table `tbl_support`
#



CREATE TABLE `tbl_support` (
  `id` int(11) NOT NULL AUTO_INCREMENT,
  `name` varchar(50) DEFAULT NULL,
  `email` varchar(60) DEFAULT NULL,
  `number` varchar(20) DEFAULT NULL,
  `subject` varchar(100) DEFAULT NULL,
  `message` text DEFAULT NULL,
  `date` timestamp NULL DEFAULT current_timestamp(),
  PRIMARY KEY (`id`)
) ENGINE=InnoDB AUTO_INCREMENT=4 DEFAULT CHARSET=utf8mb4;




#
# Delete any existing table `tbl_users`
#

DROP TABLE IF EXISTS `tbl_users`;


#
# Table structure of table `tbl_users`
#



CREATE TABLE `tbl_users` (
  `id` int(11) NOT NULL AUTO_INCREMENT,
  `username` varchar(50) DEFAULT NULL,
  `password` varchar(100) DEFAULT NULL,
  `user_type` varchar(20) DEFAULT NULL,
  `avatar` text DEFAULT NULL,
  `created_at` timestamp NOT NULL DEFAULT current_timestamp(),
  PRIMARY KEY (`id`)
) ENGINE=InnoDB AUTO_INCREMENT=13 DEFAULT CHARSET=utf8mb4;

INSERT INTO tbl_users VALUES("10","staff","6ccb4b7c39a6e77f76ecfa935a855c6c46ad5611","staff","03052021043218icon.png","2021-05-03 10:32:18");
INSERT INTO tbl_users VALUES("11","admin","d033e22ae348aeb5660fc2140aec35850c4da997","administrator","09052021074950person.png","2021-05-03 10:33:03");
INSERT INTO tbl_users VALUES("12","Darryl","6d15310eaec4ccdc09a806be4fe1a89c149d9ccd","staff","data:image/jpeg;base64,/9j/4AAQSkZJRgABAQAAAQABAAD/4gIoSUNDX1BST0ZJTEUAAQEAAAIYAAAAAAIQAABtbnRyUkdCIFhZWiAAAAAAAAAAAAAAAABhY3NwAAAAAAAAAAAAAAAAAAAAAAAAAAAAAAAAAAAAAQAA9tYAAQAAAADTLQAAAAAAAAAAAAAAAAAAAAAAAAAAAAAAAAAAAAAAAAAAAAAAAAAAAAAAAAAAAAAAAAAAAAlkZXNjAAAA8AAAAHRyWFlaAAABZAAAABRnWFlaAAABeAAAABRiWFlaAAABjAAAABRyVFJDAAABoAAAAChnVFJDAAABoAAAAChiVFJDAAABoAAAACh3dHB0AAAByAAAABRjcHJ0AAAB3AAAADxtbHVjAAAAAAAAAAEAAAAMZW5VUwAAAFgAAAAcAHMAUgBHAEIAAAAAAAAAAAAAAAAAAAAAAAAAAAAAAAAAAAAAAAAAAAAAAAAAAAAAAAAAAAAAAAAAAAAAAAAAAAAAAAAAAAAAAAAAAAAAAAAAAAAAAAAAAFhZWiAAAAAAAABvogAAOPUAAAOQWFlaIAAAAAAAAGKZAAC3hQAAGNpYWVogAAAAAAAAJKAAAA+EAAC2z3BhcmEAAAAAAAQAAAACZmYAAPKnAAANWQAAE9AAAApbAAAAAAAAAABYWVogAAAAAAAA9tYAAQAAAADTLW1sdWMAAAAAAAAAAQAAAAxlblVTAAAAIAAAABwARwBvAG8AZwBsAGUAIABJAG4AYwAuACAAMgAwADEANv/bAEMAAwICAwICAwMDAwQDAwQFCAUFBAQFCgcHBggMCgwMCwoLCw0OEhANDhEOCwsQFhARExQVFRUMDxcYFhQYEhQVFP/bAEMBAwQEBQQFCQUFCRQNCw0UFBQUFBQUFBQUFBQUFBQUFBQUFBQUFBQUFBQUFBQUFBQUFBQUFBQUFBQUFBQUFBQUFP/AABEIAPoB1AMBIgACEQEDEQH/xAAeAAAABwEBAQEAAAAAAAAAAAAAAgMEBQYHCAEJCv/EAEgQAAIBAwIDBwIDBQYFAQYHAAECAwAEEQUhBhIxBxMiQVFhcYGRCDKhFEJSYrEVIzOCwdEJFnLh8JIXJEOywvE2U2N0orPD/8QAGwEAAgMBAQEAAAAAAAAAAAAAAgMBBAUABgf/xAAvEQACAgICAQQCAgICAQUBAAAAAQIRAyESMQQTIkFRBWEycRRCI1JiBoGRobHw/9oADAMBAAIRAxEAPwD5yXV3zqB0/wBKZgAAkNmlr12DeLGfc01Lsc4GRXKKXR6HNxb/AKPORSxy30JpRU5fT70UMVO6jPvSkStIwyuB65qZJyExSS0x7bKAM5GKNcyeHA3NHRAigA5pK7gCxhjtnpmuS+C3FyjFtDJjRolBbxEHfpRCvKM5GDStuAZB0JHv1qf6KUoRUX+zrTsgs5LTs60NCqjmjZyoOcczs39CKt91bK45/FDKv5ZFGCvtk/0qu8KWa2nDmlQxBYlS1jyqHbPKCf1zU9E4QeORj7AV6HA6xpN6PI+Qm5toWtNXmtVIvVZ4QMC4VMAf9WNh81IpcwzqjIxIPTA6iowSZ/KSR7im8GlvayNJY8kYO5hfwxk+u3Q1d/d6KfJrRZLeATNiPm5sDOOpqa0/RTkMVwfWoXQL60uLrue4W3vD1R9i3wfOtG0fT1YqXXbz3o9y6YcYLuR5Z6OrwAhst55GRmozUuC1kdpEADnchV61pFlo6rACmQvrg0r/AGNHLnLHm+KP01FWA5LlRg3EWn/2Dpl9eSoyR2sDzNkEHCqT6Z8q4AvSrsSxJb0xivpd+IIf8udkfE10wwHtjApbzLkLj7E182dRKhm5U2zsAKxPOk1SR6b8YrhL6+iMwAdvvRGbJ/MfijHmLbjFergDKgEmsV97NSMVegud/wApr1gSNm+lekvndD7Zowjbl5vL3rqfRZS+mJc3KMcxpNyoOc5NLsMjHSknyoO+alNroq5IfImZMdM/QUvBIEZXUsrjcMNiKbrlycb/AEpVWb+WiToUnen0dI9hvb9Fa2ltw5r0EbzDmS21WbB28o5Cf0b71Mdo3ZvZcba01+qRWFw+O9mRR/eY9VG2cedcsxylTuQK2fsS7ZoOE79NO4hRr3SJW8E7szPat6jfdPUValk9WPGXZVy45xlyiyF4n4N0vhm8a0eC6luAMq1w4VWHkQq5OD7tVdFvCH2RUPsDgfck/rXVPFOu8I8dae0CXWm3WMmCS3lRniJ9M7/INc8ca8OTcPalJH+zv3BI7qcx4Vxj13Geu1Z+XFkxv3dDYTjP+KoqepwxtGGGC3nyio1E32H6Yp/cxvy8zDC0wktpBl1Ow9DUQ67GSm3tnk0GV3WmhYx7binS943zQkt2dc8wz6Gj52uLB5yXQ1WbBz1xTmKZW8ippkAyy4JAHtT5Iyy9cCjS0LSbHEMzKw5Xz8ipKG4c/mxiomOJV6MCaewHoACftUvi0c04v6JEsWUAcwPsMiiqhj3Jwx/mxSeVwBuPX5r3u0xkDB9zSorijo0jySdFB5k519sbVGu/eHAyAfKnMuFY8y5+KbPhjt096n5pnRxub0JOuBgHP6U3FvzNuaedzkZwprzAUeZqbLTxxx7kEjh7r8xGPYUdpIzjy9iaTkfA6fpSDTkZwKhxT9wEpJijzJsNvvSUkyY/MfpSTEtvRCAfLBo/9aZWcF00emcMcAUi4J3Lj4o5yOgpE5Y48Ofmh76Oa0GWQAY5lFFZe8bwj6CnMWnvIM7Aexp7DadwpxgfJqVrYf8ArTGsFkBHzts3oaWQcufHt8U4KbHLqKRwebqMeuaG+Xbs7aE5Yoyc8w+lJ7RnG5HzTnl6+LP1pIqAw8S1zb6GOX+wQgNk/l+TSUobGQeb4Ip20Y5Pyqfem7uo6DBolNp9C05JiYlkx+X7mhRw8nl0+aFM5DfWyfYe7KtIeVcr85pHlH7qgH3IFeSKDuzAn4oco5egO1KSpUWG3JsA265pe1GZBjA+abDmO2CBTq05UbLZz80bVbF4o2x8+5GN/ekp4zyEFc+e5pxgMgxy/J60HPLHjHN7g1DezSjj5Rsi/AdjsfSnVlC0txHGFHjYDII9aQlPiPg2qW4Osv7U4n0mzCljPdxoeUHIHMMn6Df6USXLoo5W4p2da6eEt7aFIhyqiBQdgDj6U8VpHYnmGT71XzZ3enKO9ZHQfvgk/fNO9L1L9oBKTRyoGxt6/Nb2NKMdnkZvk/onIwS45iM/NO1KDzHwDTOElyPD9zT+GZRgcuD6bVMpr4IUElQtHZQ3qcr4x6g7/fyq48H65qHDtwiXayatpwI3AzPGv/8Apj6Gq3ZlC4JAH821W/QoGkmTIyp6EjaixzlF2L9I33hq607iDSUudMu4ZIm2fI5SrejDqD8il203lYloht5gVmlhoot50vLO6k06+XcTQEeL2dejj2NaNwvxLcG2K63EIgvh/boBmBv+sdYz87e9aKyRbWhEoNdnNv48NZXTuyvTtKGYpNQ1FWwVyCsasT+pX7188rzlUHlOa7d/4jusRXPEvCelxMDFb2L3Lcr9S74G3wo3riK+UZPKMj71gfkXH1eKPVfjIVh5MjWcs24ouPSlu7B2zih+z53VgayGanHdoQxv+bFKqvKpweleNE6nBG9H5CB61Nj1FvQhIwwcmk15GJ8/pS0ykj8v1IpNPY49qgrzjTAygeWfgUQgY25h6UqVHmaL3Qxsc/NcvojivoLGmWzzbe9PzErR4AAPrmmOCG6gfWpO1h50zu312qW6Q/xsancWrJrgXiX/AJX1tJ7qyg1SwkISe2nRWyvqrEHBH+tdD8EWvD3E/Bl+15+zX0d5O0n7PCBzWPVUVBsVbG+ehyetcyzRiNdwzEdADUjwbxlqPButx3tiS8RPLNbMcJMnmD7+h8qdjzRkuMtoz/K8d4pcsbotHGvA1xw6/NIxa3cnu5uXCkZ2ztselUmWIKW5/GP5Tiuw+G9a4Q7UuFJgkSzxOoW6spm/vIG8s/6MNqxvj3sci0S7luNNZrjS87M27x+zeo96DLj9KPJdFfFlU3xl2YysIjydsH1bOKTkkT+IZq0zCw05mhKGeToy93jf0zmoi+0Wa4i/aYLR44jv1z/pVaMk9h1XwQzcjHfBrwScvQ/Sh3XIxDAjHtRuVADg5Ppin2ha09C8MsZ64z81IQMnqBiohYg7bjHpR1tnzlSwFC2NTbWyZeSEDZunrRGkVxhXT+lMo4mjXZecn1ojm5ABa2flPQqM0tv6GRxx7mxd0B6uG+tBIs+lIJOB+eFx/lpVr6JBtGR8imJXQTy0uMVQuECA4P6UhMUA2AY+9EN6rjZDv02pBpZS2FjyfTlNSvoQn8MLIw9P1ps5AP5qd/sl1P0iJ+BSkHD0z+JxgehO9FpLYurIszDPhBo6K8nTzqwxcNQxjMmWONgu1SVpptvC20KoP4jk1ypb+A7+ysxaNcSRhmBRD5n/AGpzFo4hwQyOfQjGKtpgCLzIxL+WKYSWpkcl8j+YYpSmm9A0Q7WvLnbHso2ovdIEYljzY2Hqaknt1BIXmIHmTtTeSNcEZA+MU2+SOX6GIAfy5fTNN5AwbGMj2NPwg3HKSPPem8syDojH60lJciHK1Q3II6Db2OKSlDcwwhA/6s0oU59ySoNeqeTGMmiOg1dPo8UIY8EkH3pN/COgx64pzzc4y2+PNhRHKsMBlX/pov6LEk66GTPGD1/ShRzCxOwY++KFGr+xXtBKMP6j7UQ+32xR5G5j+Ufei8p8gB7E0t18GjJXJ/J4Iy24Az77U7tuaNh0PsTmmyq3XIBpeBMvu2PfNdtrZ0YpPQ7aUOwBTB9QKWaNe4JYEADyGTSIUL+8T9aXJXu/MDHpXP8ARciu2R58eRyVd+xeyFz2h6UxQMIeebBbG6ocfrVPff8AKBt7Vo3YMFbjZmLFAlrISApw3QY/Wm4lymkUPKSWNybOi1VWwfynrtTO50CKYO0IWOU75LbdPTyp3HyMvhkAHsaWjtXl/LlvfFejcV0meGnxctIgQLjSGImKFB+8u46etSGnakl0y+EFfVTipSKzKt42wOuABTC44djjk76xYwSY3XlJUn4zUPGl/EbHKorZatKkBKjA5emev9K0Thm2Ktzchxjp5Vkui6idMvIEvIXgjdgDKynkJ9jW2cO92/I0OJE6gjpikcJXtFlTTVxLNYQlsYAFWDTuezcSR7P5EHemlja86g8oNTNvZsxHKF67/FW4R+mInJ9nzc/F5rMesdtuvmKGGGO2aO3VYgRusa823TqT6Vgdw+Dk8o/StN7Y9SbiDtG4jvRJlJ7+aRRjfBY4/TFZleRAMcbisLzMnqZXs9t42P0/GVfIyklLHbBpS3YY3Ab2JpHlTOdwfilYzyr0BHriqPHWx+J3JWtBZ2zJjAH0r08yqMYP1rwEO/5cfFKyKFXYb+9Ciwl724jOYOw8QxREUD0JpWQB6JyhR5VNFDMnzvs8Pi/cB9wa8Kn0xRWRuoA+hoASegAokmVZSlYPGPLapGzZ+TquPQ1G8pDbgmn9mQOmahmh4c2p6YtcSyKhPJ4f4vKmas7MSAB7Gn0ylo+jFfOmiW2RlSv1NDFJDvIjKT4yJbh7W77hrUob6wlMNxH5ruGHmGHmDXVPZx2laFx7pzIljHa6zEmJbeZifLd4xncZ+orkJgY/yAk+dPNJ1afTNQgvLdzBcwMHSROoIq3jkv4y6MTN41bidJ8Udkmm6tqM97bc0F5KeY5YmLPXZfL6fanHZ3wbcadxBZzcSaYl3ocNwpms4ZAjTIDvg7Y9evl03p52W9s1jxtYjTr9LfT9bjGSFUKtyP4kJ3z6rVi4o1uy4Z02S+1B+4tkOCzAksT+6B5n2qJ+FjyS5LooLycmNuCLB+LP8IfDOucEntV7IrdoNOjizqmhCNhyY/NJHnoegI6bZ6k1wcw5TggE+q1vf/tf437QdOuuFNEu7vTeGLpw1xZwzYjY9OaQjqTtsOuPOtJ7U/wJtp3Y3ovGfAuq3fE96YBNqmmG0COgIyxiCZBCHYrnO1IcXjk0touRbmrl39HHol7vyyfelIrkMcHw79AKSeIRMwKEEEghhgg+ec+dFHKWOT9jQShb0xvqtKo6JeDkfGR85qZtIlGG52cD901WrdlH723zUpaT8rDxeH0Y7ULjy0JtrosKiNyoMS4G+9LNZWkzBntoy38WATTW3l/uFfKOCPJs04QxkczEj2FKfFIUtvYtHZwIxIAJxjp/tRLiKJl2IVjnYL1oiXQU4XJHuaN3nKpbuxg+e5/rRKLbtsYpOTpaGhhZRswb2NeJCBuQg+lPcc6K/LGqk8owDnPvvSZDFio5cZ2AGTTm70Kb9ybG5SLoQv0FHUqkeBnA8sUosB5vyn+lK/ssIbmPMWPvUSS+ZDeV9IYyBZUOwj+KZyoo2Vcn1JGDUpPDy5AyFPmRTC4jWNS3OK7iorsD3IYOj5J/u19tqa3M/djdVz8UvJJ3r8qEFvfb/WkWtM+J+Un70cdfFjk/hDE3bynCqFHqdq9WPfOAT807MPKPCuPrikGUEnbf1G9B+hU7vZ5I+VwykbeRFN2YAYwQD7UssfLnJz8mi9yvNnmJ9qjoNr6G/dBuhAokkAAzy5+TTvlJbwJn3zXkqknlfA+tRy/ZytIY4kUnlAAoUoxAOAG+hoVxYUP/ACGqgyAnlYgdcYFJuTnYMvzvSjQsSDykUdM4wcfU05u2We9LsQCMNyxI+MUvb8xbHOQPcZoNGMeE0UF1P5Sa5RvohOnskUUAZJ+oFLPISmBLtjpimsExxv4R0pd3VxscmluTi6RqY0nG4iIQZOXA+laz+H6IR6pq9wxUqkMcYORkZYn58v0rJ987f0rc+wLSJxoOr3wsmmjknSPnj64RSSMZ/nq34q9TKkzJ/ISrC9Wa9EDIqyBWKno3rTpQI9yrH5NMLWNJ0D27mP8Al3H9acpKyYWVSffNeolBo8VF2uTQ+i/vMb8oPlT23txzDIJPrimkAjZQct85zUjYRsJRyZY++aWlvRL9z2S1npnfpysivGw3VgMGpbROG9U0h2l0S8MOTzG0n8cTew6FfpTzRbVZEXJy/ntWpcJ8MGdY2aMk/wAXLUzprYXB/wCpCcL8aCC8hs9egk0e5k2TvQTFIenhfp96unFOox6LwnrGppJj9lsZpxkHHhjYj+lW634EhvLTuL2zgvLRt3imj5gf9vkVkX4k+DP+QOxXie80zUZrfTzb9wbGdi4XnYLhDvjr0P3roJpERXPKos+X+tXX7Ze3EjuRIznII6HzqtXCBCfX2qeu3kiMh5ebcgsG61A3KDGSpFeTnfqM+oKo4YoZFVYnLNSscQC5QbGk1A6cmfinSRAR53HtUNWVsOP1GNu6bvMjA+KNKcDGwNL2qmSbAJ+1e3iqjkEZNKumW446g2RUrY8yfmkuYEnK5p1NEvlk0iNuuaYnuzIyy2J+yjB+a9L8uzfpRgFHQ/aivv0BNF2VXfbArrk5b9KcQMcjlO3vTaNcHdacJhcfukVDaG4nTtB5ixG5/SiwyiIZ8/1pOWVjsTTdlJyc5oI2wsmWnfY6e88XT6g0ZJTL+/8ApTEKufzE/FOIYizYQH5xTuFbK/8AlS/i1olLS9e1ljkilaKaMhkkTZlI6EHyNXZNe1vtb4i0XStU1RpT/gxMygAbEk4GxY461n6wug8TbCpThlmbV7bktv2ohwTHuPP18q6MpR0Lnig/+RdnWOg6FacI6dHZ2sKwRRAZbw95If4mxuT81ZNI7YrzhS6ga3u7jFuwMSTyN3QOfQMNj6edZfoHFxEwg1VnAchY3VgQD6MfT3qw3tpb3aMJEUnl2IJNaeNRm6n0YOSco249mZ9v3Dh4g1294tsLW2shckPe2llGUQSE7yKuTgHO4rEzDyeLn2Pny10pdXF3pT4tJzLEc80Mi/pmsl484ZghJvrKF7aNsmS3Yk8pz1U+nt5VTzY0pXDot+PmU17yhLMVbrn3xT+1mAO5x9KYFQpOVYfNGD4/KAPrVQtPZabK6GFAbGBt5VKRtI43dSPLBGaplvdMvU+dSMV4ZDgvt70PFvbOarssRikcHqQP4etIqzk4yQPcU1t7wLsDingulKHBOfvR8klVCLktIMwPKPEP8wFeqwYgY5m9qbx5dvE+B6YpQxjnAWQY88Af70DHbktoeIJAMhGI6AkGvTz9WUgDbIHSke8Fvg5JPry5/SlWlBA5ASx67AUprYEtAblkAABz60jJaRvsdzjzp1EW2zzD9aSkVGOCrfJG1HxUkcpWrYzmtFVQpkAUdAfKmhQL+U84HoKkmtA4HIVP1zSbWyKvi2PqFxTFeNIZFrtEPMjgZBA+n+9NB/dscsCf+nepea3Azu3yDTNoucnBU/8AX1rmm9kT5XoZyJ3gJVPqcikigH5iB8inMhMe3h+gNNpH6Y5voah0HEIeVhheUe4ogYA4Y59zQI7zYDH1pJ7fc7ZPp0qKoO6E5WVXOZFX2OKFINlTjkP1FCisn1mg8gMfSTnNJlSclpCPivXGG2HN8V6sgT8y/cVz1ui+mrphY0PNtvSwjORufrXmVY5UFT9K9D7jm3/Sp2copMeQoCNxn/NRJMA+HPxR4hzRggD60CuCd/tUe1bZfUOMbQWMNIwyp+prq3sBsBa9nls7BE76eSQcq79eXf8A9NctwqCAMnPua697KbI6X2faFE77NarMMDGOfxY//lV3wkp5LRi/luSw6LTcaTaXrjnRlPXvYyEP9d/qKhbjQdRs1YoovYVzjDYk+3Q1ZYmbJ5xt5YpypGMch28yK9NFu9HjNVt0UuyucyFCwt3BxyzHlP61b9HVhGpcK582QGlJ9FtNVTkuIkk22PRh8HrTjQtLuOHrwSrbprtljBs7qZonA/ldfP5HnRvi1+yYNrU3ou/Cdil9NEImBJOCc7j5FdQdmPB7C1STwsCNixJbGfPyFc0aNZcNmW2u7DiRuG9UY5/szU4nDqfRZVHK4rqDhTtC0PhrR7CGW6n1C7aMCeWOARgHbJxtn6elVciyKDcVbHRa+GabBpyQxKoVVGOgGK5N/wCI3fRaX2K21hyAtqN8pbfHhjBY59skV1ho/EWna/B3ljdJcKBkqNmX5U7iuD/+KLxSkc/CmghwSbaa4dNjjmPKMj/Kaw8OXIsj5Fvx8MZZotfZ85LuNe6LhsA9Mb1XLxW5t8kVetUsyujLLghHcAPjGeu1U7UVCjCP99qzbuTs+p5vHcMMfqiLO7flI+BinnMFtsE/c70gqnOMc3xTiVB3ADIRv186iWmnZU8WLjbBpbIJ2J3ONsV5f4708vTzyN6FpFyplQT8Gk3YmQkiu1douRalh4yQwuMDcE5pDfb096e3LKfLlNNWflz8UyNdHmssFGTVifMAN1zQyPLIowXvDsCfpXjKuBgEfJro97Kqk6prQF652xSw8QHT7UgvLnfalkaNR+Y/OK5rY3Cv0ISLyknb6UTOdsE0aZ15iQQfpSQPMehI9qmP9FPJL3NBxGCc4Ip3ExjXYfemyrk+EsvzTnBVfE4o2/hgKMu0hVpl5fGPtT7R9Zj0u5Ehi7yMD8p239etQ5PwfrXklweTlOMUPTBcvhl90bjJjcKHQXMTnlaIsQTn0Pka2LTdVueGba1RrN7rSpMf3txzd5beqt4T0z/tXK8b5Y8pJqd0rjDVdGctbXkqhtmQnKsOuCD71ahKtMrSwp7R07rdrb3lhDf2k0cnMgYRxllLL7ZAGfrVeksI7kf4ZZvMYIOPqMVmPDPazcWJFtdxc9q7gkpJyhP8uDnffyradMD3+lwXaSxSW8qc6lWyuKuJQkvcZ8+WOVVoxjjDhq30+/KG3eBHHMjeTD2+tVG70p4d4yJAf4fKtu7RtBl1GzjMZMs0eXSNY8eEDJ3+3nWNmVUbGSPYVnzhKMqNPFOLiQxDodx9qViuB0G1OL54nPMI+X60x75fLY/NKemN6ZKRT+pH1p7b3Ua/wk1BRyY/fPxmnEdzybZBpbX0E4pbRYFullXB2HtXiPEr7E5+tQ63222Rn0NKx3u+Senqam12xUle2T8c2ceMAUt3oRt3Df8ASKho7tSBjYexpx+1BcHcedKbvomuWycVkRM7/WiNcjPhP6VEHUWfAy5A6DOaIb8oSdvg0apE8Yv4Jc3AG3MQfcUUTp7t8VCy6ixOcCkDfyTLgOR7UWvs5rVE1c3SHI2A9M5qJmkSSQ5HL8GmTSuuSVLCk2eR+iYFLvh0DdUx8wUDYsRTaZQV/IAR+8T/AN6SLsAfCwPzRTnO6Nn3NEl8jHTFRJHENifoaSlIO+Mee/n+lBkUDPIfvRTGeXIGF+KmvlhpctBe8x1A+tCvTEp3y4+DQqfaGo/+QzRYtuTnOPWjlQR05fkV6+Afy7e1F5hnaPPua672zTrQMHOB4h7Ci92FOd1+aU5BgHIX2FAQljuM+4qV/YuSaHMLgL5H6V6eZvFynlHU56UaFVRNx96IT4iN8fFAvotKXtSQtBO5PL/rXZ3DuLPR9Ptwrkw28ceRjAwoH+lceaTZNf6laW6q7NNMkYVR1ywFdqw2hhwofl5QByjyrb/F4ozm2ec/LzlFJIc28nernvjk+WRT+BXVsfnHrTKS3UojMill/KxAzSaXv7OvMSCM4wOtbsouLbvR5ripdssltyHGxzU5ZIjEYQD9KqlnqCSYwzH9KtmjQmUKd/jOarxg7sGS/wCpPQ6Vb3sBhngSeJvzIwyKluHuDtTspQ+g3OIh1sr4mSH4U/mT6Z60vo1mh5cZBPkBvW49nHBbSwJIrAIW8Rcbg1cf/HHk3SEVWmUS04vuNHuYYtX0664fus4S4Zy0DH+SYbD64rh78cHaBPxT2wtFPci7jsbWK1V1fnJOOY5wcdX/AEr66voNjPbtbz2kU1vJs8UiBkb5FfFj8SUMN/248VPb25tbL9uljtkA5RyKxG2NsZz0rMn5mLPinSpr5PQ/icb/AMmNrv7KHxVy22m6asS8oYOSpIJGMdfvVD1cZAJGPirTxNdTF7eOQK6ImxAPn5Hy8qqWoyhiPLboDivLvjLa6PrvmZF6fF6GCRjm8z8VKX9sVtVBUqT15qbWUaSTIDkbjoaltct405ORyVbOd8kUic10ih42Fywzn8DWzszDpZlDjkLEcoO/1qOkU835Tj5FWuOxSDheJiCwbJ5yDjOTt/SqtJGz5yo/Shxrux2XA8WONr4GMoB9vc03kXmH5w2PKnc0RU9BTOUA9SBViK+mec8iv/cSDcvTIo4UsDt+tJ8q77gmhjPXYUejKmz3lCncH716rjpXiw5/+1HYco8LGi1W2Oxv29DeYZ/7URQRnFLkepzSeSD0+9EmuinNU7Bhj54rzJBxvXrDOCBQHoalpXYLlSPCcDcH716DtsSBXhQA7A/SjBCRuPvQySE2m9sSz4tjn1oxZMAkkGvGQqds4+RRhnG4zQV8BxejxT/BkVPcN8YarwxOj6fezQcjBu7Dnu2P8y9D9qgSwz0/Sjx4J6Y+aYm0DKMZKmdb6dqqcZ6Fp+oWkymN2Duz4JUjZlYDofb4rFu1HhiLh/W+/tQTZ3ZZowIyoQjGVHljeprsx7StD4J4LmsXtr3VdbubtnS2j8MSAqig58ycHoKr3aPxrqHFNwsUujXOnw25IMBUsQ/qSUBBxjanSacasoRjOM6itFNnjJIyDj5prJCqYz1PrRkuQwwBv/MaLICck4Wql1oupN9hFOGHLil1Jxkjf3pqSM75PuKCvv1P1qUhqbWmPlONzgUorI/7o+lIDk5OmaNFyb7Y+tRVrZFW6HUcrLgIuPg0s8s3L1bB8qbLgbhgMe9KiQPsWxQtLth9aDo4YHmAz817zhQcik9h+QB/mvDckAqVFRxTdkbXTDCUM2GNGaMEbEgetJCRScY6+9BjIm4Xw+2KKk3VnXa2H7vl8+YfNEICkEAD5pIkkZIYefrQUcx6j4aikqBug8g5ui4wfSvVjA6gt7DNBVlYdVx7mhgg7vg+1L0+gqQFlVD/AIY+tFllaXYEr9aM7FRhsH5pI5bGCoqVYUZUGCsB/iY+lCvA7j98/Q0KVyf0Dxj+xE+gG1eAAk4Az6mvSFU5WitzFtiPtTHvo13+g3LIDjnGPQUoE5eu/wBaIseBnoRQOW6uQPaiObSWxwquV8/piveXlHiYj2osbHk8JOfijgOwGV5seRruP0FGSotnZboq8Rcf6Bp7Bist2hbl3PKp5zj6LXZk/B11EM2F13q5/wAK4ADf+reuU/w6Wf7T2t6MZIuWOFJ5CVIBB7lwP612hFc4OQrEZ8jW7+P9t0eV/LSWSSvRS51uLEhby0uLf+dv8M/5ulM5+WU5VlZfQbmtShlWVCkuGVhgqRkH2NR2pcE6XqP95BE1jOf37cAKflen2xW6sqftMBOSe1opmmQsrKQuM+Rrqnh7so0W87GtL1+ETw6tI2JHaQFWPOVI5T5beRrneXgy/sJFkjVb6FTkhDyPj4z/AEzXRnBvarw6eyzQ+GBeNYarAxW4tb5ChJ5yRys3hO596K+coJfe/wCiZ5Uk9C3C3Blxa31v+1KgiDAhxhsfIzt9a6V0e1htNPhSFkkVR+dTnP1rMdL1Ez6dBE6CKVWL86qMyZ3HMSc7e1XPhNLoWTzTuveO2RlznGPMdKo/lVKWP6SfX2L8fJFT9yJ/VdQTSdMu76TAS2heY52HhUn/AEr4ece3U/EHG15MxIdpXKlTjPMxbceuTivrr+IfjC54R7HeLbyRI8G0eCGRWK4L+EZz818j9CC6nxHJL/iKrnfYAjoDnz3rEwx4YZOXye6/AYvX8uMl0uyi8UW8tlfdzLG3MEHn9apuonEzFlweuOtaXx7EP+Z78NyjlKry4O2FAI9OvpWd6pl7lgPCBtttWS01Jn0L8nFyx2M9O7x7qMAcy8w2BwamOIiXuVXu+7VVA3GCfmkeH7Iz6rbqE7w82cY5qkOI0YayInjw4VQQxIO9Lk03oq+FCX+PLl8skL6SK34dsrZGDkIpxnoSMnIqoXAkQn94VYNYie1VUDoT1JA/Teq7cLIOYlgAPfBoYty0zS8+S9OME+hjOz5Pl7Uyk52PQ05mY56nPr1pBmJBBJ6ee1OilHo8T5Df2IiJs5Y16XK7KwPzRwcA5wdqSYBm2X7U9KzOb4LZ7zOR1BpRObHSk1jGdqXQEDAGcetR7fkPGnLbY2dsHFFznyzSkisrbgUXmwOldX0VZ3bC8uN8EV6DkdM0OVm3xXnJg9cUaje2KpvSBjf0ob+dARk+efahhh6VHC+mK3fQoIeZMjf2ApBlz71KaREJp+6kPhcEDBA3qOkhZHIOcjY71yjx7HdLQRVB9fjFKRpg/lNCKCRm8KsaeC3aL/EUoR965JXRFDzSp57G5juLV5Ip4zzJJG2GU/NSvEfHF/rMMCThO+jZnM6rh3LY64+KitM1NtOu45kRJShzyTKHVvYg9aaXRMtzJLgKrsX5E2C5OcD2ruK+w+NxuI2kMjMC0eMjI8OMinKxvGAGjKH0K1JavxDecRRabHeFZTY2/wCyxMc8zJzEgH1xnHxXUfHnYja8bcK6PcWawafq1vZRhTGmFmyoPIwyMHOcHPWhcLVx2K5qLpnI8mSNv6YpEDmO4+9WHVuH59Gu5baeNop4zhopFwyn3FRbabNJluTIHXfFLUkE7XY2XAwP96XQMPMY9hTaT+78JBU9NjXkcjDcjI+aLs5RV2PCwA/MfWvO+B2wM+9EjCuMgDNesQp6bfaho6XJ6FldxuNq9LqBu3MaIhJH5sf9RzXhcdCPsKilejukGUhm8wPel+uwJz7jamyMFOx296UDDYhgPrXNro6NixhfAyykUkY+U/kOfXFFMrE4O/xQaXJP/eoavsFvYp3nKNxvXnfMdv6CiC5kXpiiFmkOcgH1Nckl0TbrvYaVyfVvkUksvkENGfOenN60lIFJyNh6UaI3doXBP8NCkPB7/ehXchyUhdiR0I388UTLk/m5gfanBkAByq0YRM3/AMLG1C2/g15Rd6E4omIJwzY64oBCxwRyil44SDszA+gNeyJjGUJPua5Le2BJOgRryDGR/Q0osXN0YivIwx25RTiOBifyj7VKGR62aV+H6Y2XH0UnMCot5MjHTbGf1rqiz1aOQbvg+lc1/h50YalxHqTtA8q29plgq9CWGP6Gt4FoI3xEsiY8sZ/WvUfj/F9XG53s8j+Vall18FztrqM4OQamLS5VgN8VQobua2XzwPU0+suKOVsSdB/CauzwuH7MRI0i1dWx4jj5qTGmWWqR91cwR3KHykUN/WqXpWrwXGOWQg+hq36VcqcHAPvQQnJPYUo6on9J0zVdIAOh6zdWIH5bacd/AfblbcD4NazwP2l6zo2niHiLh+W5twxP9o6MDcKo2yXi/OAPbNVDgvSpNVvIoVyxYjAxgD3Jrofh/QY9Is0QKqyEDmwMb1Hm5caw8cu7K2PE+ejkz8bfa9omo9ixs9N1OG7lvtQjia1HMkkaqrMedDgjy64rhfs6tkn1LK4Vs5XGPEAN67I/4lkdpFFwtFFHBDcOs00jiIc0m6qOYjfzOCc1xLwPLeQawv7K4Mh6qejDzBPlWLnlieGHHR9T/wDScI43LkvcVzjYMOKNWY+dy/lvscVQNTbM53PxV04j1OSbWtQkmXLtO5ZeXGDzHaqTqCB53byJzjFYzmnI9P8AkMnOPEnuALBrvWCCmAIyQ2R1223pTX7ZZeL5LYxcxWZU235vfaprsZt+fWbp+VyVi5QF3zk+n0qEnv4IeN7m9mYGNLl2YjcE7j+tC6fZb8eOP/Ehy1bEeKbSSG7bKckbKMcuAM+eKqE7qrkd6QferPxnxJBqNyjWrB1C4JwdvbcVUHbnYk/0ro49mT+Y8rFCdY5X/wDgSac42bm+KTVS5JZdvmjSMR0FIs0gJwT9asKGzx888sjtijRr7ik2kCHAyfpXh58bg/Q0TlPU/rRcK+RLm6FEkXmGTyinkfdyL15qjeXO3WjrzRgEHFK4fIyGTiObmDzC5+KZd0Qdxv7mnK3LdGFEecP54PuKJOjpNSdtiJDL1x9DmvR4qHMd9hj1xRh+vtR8voXX0AFgMAD5o6Qc3Vhn0xQTAOOXc1I2NsznPLv1GBmh72uyFFtWH0a3T+0LdJsiJm5WI6ipFtLj75udBKMkAMxAotnact3GWypDA5HUem1SLpJhmYZHqR1o4y5aIkxqkRjBClYU68q0wnj7wnPMfepmK2WVcsRvXktv3fVMD4zRuKi9lzB408sOSKlLEEc/7UpHHzo2+CB5081G0AfmGfrSdtbhuu49qTJW9FTi4SpjFYjzkl/pXSPYx27GRLfQ+Jr9YwiCO3vnAHQABXP9Grne/tVhdQW5eYZBpKAmF/zc49yKPG67ZVyw+ztjiTsm4e17Uv7VvbCUyHHeXCkhWGNiwBwdsb1nnF3ZhpelMx05TLA2wwASMe+AcVQ+Du23X4l07Rb+/jOkq4QzXUJnaJM9M8wOB+n0ra+LQv8Ay7cXNlcJFIsffpJE3OrqN9h6EbefWhzYFkXLGxcM8sP8lZzHxZw6ySGTue7xtzdAT/vVOkt3icgr7bmtC4t4xiuYTCkeZubxhs+HH6faqDdXTXDHmUE+RpOJaHc+T5SCIwRfEMEelem4HTux8mkQmd8Y+DXvKw6ZxRsenoXUkLkAfQ0cSrj396QTBB5uvlvQCED82fYVCi+xY5Ruc4JVfmvWOOgB9xTdFddwcD70t3j8uGT64o6TVoCKvsN3o6HP1oyuo3Bw1N+Vl/8AtRWBO2P0ruKewv2ORIXO+Me3WiOwBxufikVhwMk4opKg7Ej613FfBKiuxTDN0zSbOEOD1+KV5RyA9TRe7JJyDj5qOJ3SCczEZ5f0oUuEUdVY/WhS+K+jlH9ku9rjoOX7UnyFdgA3vTqcFiFA39R0ohjaMbjPwc0LUmv0ejnFR3HQmsTYznH1FecjlvDnPvTiKJ5ADyMPkYpZYpB4Sf1onG9ld2+hGOFmIwAp+9SltZyCMOSGGcbCiW9kSwwCM+ealIk7kgFiB54FRF3pFnFjq2zqr8CejR3f/N11LGrIot4cMgO+XY9fpXTuqdnuj6orFoDE5/ej23+uf0xWGfgdsFTgniK8jPMJtSWP8u/hiU//AFCunIlI8yPbFe1/HQ/4V8Hz/wDKyb8mSMo1TsRkmy1hcIwx+WTOc5/886oWu9lOsaLIGe0dwTgsinAP2rqKCMncDPzUjbRc2QwUqRuD51q8GnaZixyO/cjkHSdMne5SAYSQty+KuwLjgvhpr21truKOPureOLmt4iviwAWJXGfk5xTK+4F0TV5OeayVJf8A8yNeU/7fpUonD2o92yQXEV2pGyTs0bD03XIP2Fc4xv3Ojsma3SF+Dbmx4X1eTuIv2+JvCHzh132I2AP2FbRG/OgJUqSOh6isW4Yt73Q9QSXWLCe3jU8xnRO+jTB8+TO2PWthsdStdRthLb3EVzH/ABxuCPr6V5v8zGHOLhv9l3xJ8rPnj/xHtaOo9o2n6erxtDYWSK6tjIZyWJB6+a/euc+yrRi+sPMFUQrE8js2QQApxg49auf4tNdbiXto4puS6CI3zRKIySSEAQeX8tG4A06PTez3iDUJiOaHT5iFJLblSAQfpWdma9uJLpH038Dj4QlkfZzpqEfOHPeKhJJyQDVSuWbvCNn90NW6+kURZiUAgb4FVWc8zkgfTFZfFKTo1fL2l9kzwnxNLwybi4iQM7py+I1Ub6+kmkcuWBJzk05lfPVNh6UkLVZj559Ca6GNt2zE8r8hN41hi9IYojSbh2Pzv/rRWD9AMj4qatdEkuZUSNCxZgowCd6vuldlN01uf2iEo7dAyEY36nanPiujFeSUtNmTBW28O9eSWbOucHPzWlXXZ7NDI3925QH+HB/U71HHhJ0kwev8PnS+XHYUUqooS2kqeX3oPaydTkfSr7Pws8S7xkA+eKjptAlXOIycVyyKQvg06KgLZydnIojW7L1PNVgn010B2x7YplJYsRuR770Vsbw0QxB8wRXvKpHU/WnklovtmkTA6dBzD4opSTQmmhuCAdgDSill/exS0UIJ8Xh9qew2cTkeZ9DQt/YyEJdjBeYn84P0zUnZOYhnmx85pQWUabhMUtGwjIAXf3o7S6Dtt7JLSlF9MkZUc2fXy/8AM1ZrXTpljCxxxhV/iGarlnL3bRnu0Vgfz5I++Nqtmi8QSw+CRSfR0G1FFRltsCcZcLSsq+o2ssN4/Oyo5PSMHH0prKs5bws5Hqaueo6lpF8BzMzTAb8wO3x5VAalPa25BhkFwOuMFcf0pksdK2aPi5Xw4u4kDfxOYcM6hvPI3pCyjWRu6M2CRtt50lPetNMxYZJPQHamsxkGGCED2qm1JPRVyyt3INqNu8LMsmQfLbORUbHExfOSBUzHqZkTluOZwBjfqKjZnCyeDLedT09lNyt0LqXUDD/pU3pXHGs6TaNZ290xtSCohk8Srn0z0+lQiEsM4J9s0N13VT6705ycUDNKXRNalwnqg0Ia9PGEtZn5VJVsuSTuNseR86rXcSufyVZ4OLdQThibQWImsXmWcKw5jGR5L/CDneoYy/yn4Jpf9AU6GhtZB+dSPSvGh5PYU4Lc3UHrRcJ+8mRXV9hq30Jqh5Tvn2xRQq82Dt9KW50IwqlRXndKTkYBPXau67CdniIB+VhSxjznJPT0oqgKN2Hxij5JBwAPemQS+BcU26EmTA8vrRcMCcKDSyx8/wDNXpgYHwoceoGaKNW9HLT7GxWRjuOUfOaBgwc8zfQU+jtxIoOc+uQKK0GD4Vz71FK9A8GtjdYmxkKW9sUfu2HWH9KcqrYwWI+teEBcAjm9xXJXdDE9CIwP3P6UKdrb8wBAcZ+aFRxmFcx48DIRzR5z6V4Ac+FQP+rNSMjtzBXxk9BSTRyI2R4AfYVWi240z0maSitMPEmR5H4r0pjqhzTi2g7z86qx9adPblhgAfO9DaT2xUncU7EbOItIOZ2wD+UjrVhhhV1C8gwPXyqOsoFi/OTISc5Pl7VP2duWUFFQ/Jxj9K6nF3EveNNKDvZ2X+Eu2/s7sqUhAvf380mfoq//AE1vVtcBgNz9qxT8OkZh7KdG7wMrs0zcvNn/AOIR5/Fa/Zup2JIr2PhTawqz5v8Akqn5MqRYbWUYxmpa1ZdstmoawXB2HNVhsoQ2MkL7VrQzpqmZHpP5RI2kaSEb4qdsbVI+UjBNMLLTi+Coz71P2elypynP0IqpnyquxLivhEzpI26YA9qc3tjZMr3E8EZaNCxl5cOAN9m6ihYxGJADUN2maidK7O+JboHlMWnTkH0PIQP615Gc3LLpmx4eP/j2fJ/tNiiueML+VGYrLcySgeZyxIyTufrVshjutO7F+I7owZglTulfIBUHlXGPbmP3qscTKbziKAPjIOCQPD643+a1XtAhi0z8OkNqYuaa7lQ588GQsOnso9ulXmvUz99H0r8dJ48K4rs441azCwNysc+nXNVe4Vh0LdfSrrraFVIVGX15sdftVVmt+difyn161nyklJj/ADm001ojYosnxEfWpvQuGJuIL+K1tYjJK/QDp9/KvNO05ppkDKjAnckY/wBa6S7IeB7XRbL+079UjYYIdyAq+/N5dajjK9dHk8j4yvslezfsjsuG9KjllTvryRfG8gAKfyj79fOpHXtFtYXKFwoxthBtXvEfa5othC9vpkj6rdj92zjMgHvzbL+prG+IOL+KNVuGeNf2FCcgMQx6ee1WlCo8kV5SblpFs1bR7dI5HyoKAkODj9KoGs3EMalg2XHmRvVQ1vVdavXJn1e4KhiQquVTJ67CoNrSefJe9d2OxBYn+pqjNKTLmO4u6LFPqcbMSzEn3NMLnVYwNuUD5GagbvS7mKIyLKSi9cnYVFXOnzJkuxBH7tRHCo7TGPLF6cR7farC7MI1y2fIf7UwN1IwIVAT715byJG2GGfpTz+0LSJcFMH1oU60BF306IyaB5dzhD7Cm62so/eU+xNSjXsUhPKOcevKaKrwkZOVPtU39o6UX2RLxvCcvH9RVi4dC99BMU8PN0xSAjSdcqScfxU70+Z4u7BRuRG2IG3rQZI8lrRp/jpqPkxUtpl2L2j2c6Pp8M8sg8MsiAlPjbP61Sbp2imdUVV3wRygVs/DumafPwLfXs3dGZpHRebwtnlGAAM43zWPapH3Ny45VQknYb1HGbSTPV+dg8efKUY7EngnjCmRWRiOYBhgketIOsoByBj3rr/sa0TRe03hXSdJ4os4buOO0UQtJlZI8ZB5HG4Ow2yR12qU7QvwdcI6FwvrOuWupayqWds9wtuHikUkDYZ5Acf+ZrSWBcbR4H/Ihim4nFMKB3HMT74o14FjVioyvlk0/wBShjt3xHgKPM4zTOdRJbfmMf8AN5Gq2RtLRZxZ7kV/lDvsoUetGlTlGAQ31pKQcsxBPn1p53PNACA2PUDrQ3rZnTe2yOMfUnGa8VQp3A+m1LlSpPp70rFErD8o+QBUtUrQlfaPYwXj2O3pmiMCnqPrSyoUbC9PpQZehwTQtsaqQ0JbBwWx8UiZMNgiT7U/cDH5MU3YMG2OPgUUUntIF6AgaQeE4HuK9Nvj8xBPxSkYJXqxoxUknxH6iuV7IStWxIRDHhwKOkIwM5+SK8ZJIyCF+4pZA8ijOKaoEquhBo+Vt3Vh6Yr0Kp/dK/FOlgCjOBn3FHVObrioXegU1F7Y1EYA8Kls+dHjUkEj7E08W1DDrj2Ar0Waht+b6DNGle2jtPaEEgZvynf4ofs7h/EQPg1KxWa8uEdvfajHTgW2djn1U1K76AlpEasHKCFy2aMls5OGAqX/AGIR7Hz8wMUdrMBAVBbP71HKFKyFKiM/Y1IHhB/yihT82kvky/U/9qFLUcg3mxw9uQeZgc+pAoy24cZC596lGt+8GSmT6AilY7eNCASAcZxyk4+tZkcra2j1UsNDC3t5eblVeYHyG9PY7A5zy8p88insNu5PhyV9F2qUs7MS4Vhn5GaHkk7YhqC9oysLMuQFCk+oqyafpTSHwxjm9gf9qXsdMkWRQmHHQAda0jhPhFby6VGJIfHMCMlf9qCU6d/BMKVq9m09jM93YcA6PA8auqxsQchju7Hy+a06zv16tER68tbtwZ2M8L6Twdoti+lxSywWkatOQVdjy75K49TXt72I6JKWa2mntyRsjEOg++/616rxPJ8fglJtHjfIUnkbqzKdM1ezfAN0IW6cshx+tXbQ4nnAZAs6/wAQO33plqf4f70Fmtb62uBjo6GM/TqP1qFTsv4l0KfvIbe5hdc4ktWyfpyHNWouE37JorSp9o1zTLbAHMvLVjtogF2NZNwpdcURava2UtzKY5Hwwuo+YqOpO/i8j51oMnEV1YXb28tvHc8pxzRf3f6EnP3FU/Lw5W1Fb/oXGGPssajArN/xF3hs+xziFlYqzxpGMdTl1GK0K0uv2qIP3TxA+T4z+hNYv+LXWUsez21sQyGW7ugRGT+ZUUk7ee5FZONVkXI0scVpI4HtbI6jxCe8YvGxLc4HQf8Am1ah+IDSZNI7JeHoEhZS80alsnm/wmO/puaqfCVik/EroqK+SQEXbBJxWm/i2kX/AJe4dgXkRf2mVsLgFuVAPT+ajjmqU3E+leLg5YIyj0cQcR2vImwAbmxiqrJCTsWwQa0ni+1/92iPd8+56npVOSzDOjuByMdvDjNZsMnfIV5uO5cUtivB2mNf6xaWoOO9kCmTbwD1q1a3b6rNqUEV/wDtEumi6EAuMN3bgMA2PLOB5VFPbQaXfgR8iOACGIyAf961zg+Kbibg79ijiSSDm5XdwQC4Ocjfr06VbWXWjyvk+P6WRxfaJO406y0zTBBZokCqOqnYrj/zes+1fiLh3T0lSdnuJwhZYofP0y3QdKtt5pF3Z95bX0sqIByByjMjjoMHz29azjiuCHTpmhtSnfdeZUxt9QDSuUn2Ufanpmb8QcRJeSOtvDyoD+UEHH1FQcc0jNnLZ9MVa7yQ85EynH8tJxPEF/u7debORLI24/yipTS0izGVaY6sLP8AZNARrydYReTqVDDcKm5JFOtd4RvtYtv7UlkVFm/w4cYblA64/XFWDhHhOTVBFqupRvcafbnKEkCM77j4yPrVu4zv9KutPjgsXPfD8824Oce4+d6dKuOiuoLkcxXlk9rIwdW2PUjFNVlVf3Tn23NXbiXT0S5xlfFvzEjBqAl0loR3iSr9DSk18lqGJLZFKYX/AHWJ+tLpEQPChA96eRx4AAP/AHoOP5iPiok3dxOcEuxKC8eHmCwrlgVJI8jTlLmOOBIyoU8xY5OQT/8AYU3SA8w5XP1p6+nlYBIT16HyzUqTa2FgyrHNSrZqXAWn6Tr/AAtPcX+tJbXEEpUwswBC7cpI679NqoGu2yNqcvIpKK3KGJ6j1onD0jxXscajJlZU/X4pzrSNBqU8bYQq2CD8VDbtNHs8OeXkYW5HVf4buxniztJ4E0zUuH44NQjtZJY5IzMsTqVbOMMQG2YdD51tXEOl69pejX2iarHNazzW0kJt74EFsqR0OxHxtWBfg17Y+JuC76/ttH1HuraWRO8spoUkim8OdwVyPy+RFfQrS+0PhztJ0U6dxnptkhIHKkisysT5qcZjP+bNayfJJxjo+beX7MkmfEa/jMMrxyoqujFGGMYI2I/SjIIpNNlABMinO+QMela5+LPg/hDgbth1PTOCtTk1DRVQORcZLwTEnnjLMATg/asy0SJb3QdZV7iCFo0SVEb802Mgqp8jvQSxturGYsqcLKPhBLnJbJ8hUjFhrfYYHud6jpoBHNhZCPapTT0BTDSFT7YqjKCW7GRknpEfLyK24zv60eJA42jxTi6gCv4QJfcivYYmYbDkPp0oqdWmJcuMqaE441U7Df5zRmQEbg4o7I6ncg++aTIGckg/NLio/I901oRaFBuH/XNJsp2x/Sn4RWUkALSTDkJJH1ApyaYLQ3jVyfFj7gUsAM7YHtRlPOeh+gpeMGNuUgr6k1E27sGuCsR7pCMtgfWjpGp6b/FOQiE55s5pSO35iPApHyaNO+yE18LY2W33BG49CKcx2wYDPKuaf2tgc7YH06VJR6FKzhQwbPpk/wBKJCUnJ20Q8Fjkkg5yMb707jsXyAVAFWfT+FuYrzSZc9fCce1T9pwZITytC8j+pUkUafEfw+KKXa6SGXZct7CpSLhsT/4efrsav+m8DTMCBGuPLK/960Tgzsd1XUZF7vRLy6YnZre2kYj6AVdxYVke2UXPjqSMJtOC5blwqRs5z81Lt2e3ltEXa3BQDydf967g4D/C5qmpmBbrRbqxiDZLXCGEDpg4O/2rYJ/wb6BLY8qXrR3JABbuyVPsRzZ+tX5Y8ONJZZJX/wD3wVFlkpaWj5VzcOwrIQ8GG9CRQr6Jar+CXVprsm1fTBCBgFriTJ98FDihSvSwfE//ALHf5M/+p83YrVpCM8zD1A2p3DpyNg7k+W9OLFkTOwAP8IxUpb26SnvFjIIPQ14tZKe+z6LJv5G1pYyFwq43PQmrBZaIWZebkU+uKNp9qXwQioM7gjerZpenK/LkKvyKiVRWypP+OgulaJGHQjGc++K2fsw4daXWLSMoAGlRcge/TFU7QtEJuI+Vebfoa37sd0JpeJLFCox3qEqdydx03qqp8va2VYK7bOy415I1UbAACvaGKBrZXSPNydybBQoUKkW0n2AhTjI3FITWFvPIJHjVnH7xpehRqco7TA9OLPFUIMAYFcvfjEMt3qOjW+MQxW7OD/MzYPl/KPOuoq5s/FKBd6pAnPnu7VVKAA7ksR7+lLlLiuRe8ZL1Ecw9nkC2fGlo8rdwvP8A4hGeXDA+nt/Spz8S+pprK6HGJllMfesO7wcZ5Rv6dKmeyDQ1v+0XT47iENCokkdXGQQFJ/rimP4mdKs7TiazitoViXuC3KGyASxGw8ulVVJu2nR9K8bLH/G4HMPE1sUVFWUs+M8pGRimnDHAmp8V3rRW0CMIhzySO3IiL6k/7b1N6za8snN+ZvMjFWPg2/SPhq7tVLiX9q7yXkO7IVCqCAdxnNIUq7KHkZ5RboRg7Er2TXVmvLm0ubN2zI1uzCTGPdTk1p3AfDB4e0ptNL8whmcqcdVJyKPqEcWi6ZpQiuVtrhgXmJBfbpjHlUnpmox3sYuICzQFioY5GceVWOV6R53yJyyyuSJ+K6ksUCRuQPYYqi8Y8B6fxPctdXAbvXBDnnOD749avAKSpkjG3nUPqsGVPKxGfSruPI1GmZE8TUuSOdeMuAbXTuVApUx5ZjjPMMen0rP00iK5mCrHzDONl/710rrHCg1pXErtkjAOOlQUnBOn6HGXdwzNsWI60v0uTtFuEklcij8Ua5I/Bltpmm27xtHGsYCxZUED82B9TWStZ6/pswmuJ55V38MjEKc+o/0rb9W1Sw0wthioHXk/71mfFPE9rfGUQo0gY452U9BUPCntuzozTldFE1m3u73MsqKM7dc1AMs1tkBFA9SanNQvOUExL59CMfNQ016JDiSPFJWnQU5Bob0ofEN/XApwZO98h9Kb9zE6goCCehOcURI5YznKgeozRybq0H6iapjlISrjLnerLHCr8PTyNleTAVsA5/75qvW3M8i852yNh51eYdIeXhq/YjKxxlgGzjPUYArode4r0vggeFbOW41S2kW2MxVywGDkkDOw8/KlNeeU39x3iBZS55gy8pB9MVI8E3baC91qffRJdRoUijdgzHPUhfL5z5moTVdSe9vZ55Dh5XLt8k5NQ5/o9f8AjL9JvIaN2B61NpXEF2sRQXDrG8e25IYg4/8AVXY/DfHzXC8t3aMp82WQY+1cW/h/0mXW+0KG3gY8wt5JCc+Qx/vXZmkcPGGDLRqhrX8fnNLijxn5eMI53XTONvxNzrfdqGsyPEUkaYSB8Ac6lFIJ98Hes10K9Wwjuk7sSNcRmPLHHKD5/Nav+K7TX0vtRmZVytxZQTbgDPVdvX8tYtFOwO8YcDqDS80pRkK8XEn+iGnJjuGVhkgkHAqX0ZRcSsjKPyk/mH9KjJwRKS3Q7gZqa0K5UXMKk+EtjlBGaqJyfYVU6Q9GgCU5BwPvSycPsgzy4x55611Rp3ZLwrqNlayLZu6yIkgYXTnOQD5Gp49j3C0No7rYMAq55WnkYHHrlqhykujmoLvs4g1aB7acRkEsRkBTmmtjOvelGUk+jDf+taF2y8Opw/xdPDBAsMLuzRqjHZdiP/mFUKM8sy8+QAdz510WvkXkTH8VnHdsAqFSfcivbvQHjXmTxnGSoFWLR9Ntp7YS8xYdAGyKdNbRopWPlx/MaJyjegkqWyjRwyo3KI2Vh9f9Kf22nyTNup+4p1fwFbvl2IIzsaVtowZFVco5PkaO7V2MVNUxaz4fF1cLGkgDEE8jLnPxvUinDTSDu0CAgZO2+1ONNAjBLSAMpGMHr6/+e9TukRvLdpyAlWBjOAAcEY6+VJT+bHqMUnocdnfZ/HxHeTxTXAi7oDAC55ic+fl0rd9V7BOGuHNS0eEazNeRXk8cdw7ckZiRip5gQCNgSNwBkVlPZ00ml6+YiQWGM87EnIYD9Pf1rZOMrovFaT8+TGAhPpjp/wCe1WseSC7QlQk9ROlOCPwv9lmnHWtP1CwbUZtPnjnjupbx+Z4CAP3Sq4GTkgVtOmfh07NtICCDhGwflG37Tzz/AP8AYzVzXwrx93kcF/LKX/bLQRy8y77gevuPSt27PvxAaNfcL2yak8g1O2TupkjQYYjYEb+gFWMqckpYyg5yTabNN0jhHQuH4wml6Lp2mqDkC0tI4t/XwgVLk1j2t/iIsbcMlhZPI/8AFMRgbegP+tVGft/1i5LDKRZG3dIAB980iOHNPYtzidHNIqfmYD5NJ2l9Bfxd5bTJNGGK8yHIyOorly87XdXuR4rmQgDH5t/vU12Ndstlo+qa5pmu3sdlbuVu4JrlgoLHAcZ99j96ZLxJ8bTtlSeWC2zo/I9RQrM7r8QvBFrO0Z1qOUj9+AGRT8EUKT/jZn/q/wD4K/8AlYP+x8i7CxaIAyDLHrjy+KnbS05SCOYj4xRLW07xt1xvtU9aWpjIHLkD3rzs8vLVn03Ik1ti2mWCuwyjf5qt+k6T3jAcpA9hTLR7UtgrFnf1rQ9C0ot3ZCjO2ABgik+o+mVcjrSJHhLh1rqVRHGSRnyrqPsk4EbTruG4eLkjjIdSxOSaoHZdwsb+/jjVcrsCcZxn2FdPafYx6faxwxKFRFC7ewxS4cs2VRiypnyRw4/2xzQoUK9H0eeBQoUK44FChQrjgVzz+IWze71eR+YrGiICT0xjp966GrEe21Fa9ZgR4lwSNyMDf6VW8iXGBpeArymX9iGjBONLiZsMIrNyvpkso9fc1nn4kHe64zh5+YiO1AAB8i7kVuHYtppkn1ueOMFUhRSeucknH6Vhv4hbaU8e3ayoIgIowCrEhvDncZ9/0qjjb4ts9nifto531qDEjcw5Tnr5mkuFdbTQNaBuDi0uUaCQgEkA7hsexH9adaxziVg4XAP7uKrl93Q3JyR0yalNR21srzdPZvHEvD93xDp9jNYTJO6RBSquFEi9Qw8qecLaFrGjaUbK8khmVJGkj7rGFU74JOCTmsm4G7Tm0JorO/he+05NlCf4kI/lPmM+RrQeJO2vhxdJlWymlN6V/uw8DbZ/QY96twqW32ZWaOS6irReLCWQ+EkH4NGvocjdeasy7L+0gcQy3FrcORdRNzA7eND0Ix9a1GO7SVMFgTTYtJ02Z2bG49kFcExjZCN6x7j651LUtQNvZyBG5sd5jKLuR71s2rMSpCEZqk39i0UjSEc7E78wqxz/AOpTe3Rntt2dWUqLPrGqSajckA91GndxKf6moHjCx0+GJ7W1tlTkXmXIx9h51etVaQK3JFhvZaoev2E7pJO/QdckZ+g60DnKK9ui1BNdvRl+pwBGbMYB9Av+1Q01vG2C6cp9wRVm1MlMthxk7cwxmq/cSSEkgE/IoXJz2+yyly9y6I+W1XIK7AdAc7UrbqMgFmVf5RmiTvICW5ST6Cn+iaTc65drbxRkSsQMEE9fYb0Di5tJFZ8U/oV0nTn1PUIreNZuZ2CqSNic+Vdcw9i8fC34buJeI9QjMHNaf+7CRcMxOBkkeuRioL8Pv4dLrVuIbO+voXhsrd0eWWVCMYOTj2261pv41e2DQbbgSw7P+GryG4uppka4jtm7wRQoDyqTnGSSPtVzHijj3Mreq5TSRwa5xKyq3Mo8xk0yllKE+En1xUnczyWWrXBMTcoyDGw26evzvVblmfvDlmb3yKRJJ9HqMeRRjTNQ7AeLF4X7VdEvCMRMZIZf+lo2H9cH6V21Bx7bXcfMsikH0r5xaNqclpfwOrMjBtiOtbloXHNzawx97N3vKgAz1H6Vo+Ln9tM81+USnk5p2Lfi7lGo8VaLfJ40ew7rGehWRj/RhWCQCU7IMZ960jtj4iOtwaXKpkaSPnRttsHBBrOra5j7v+8hYtjqG/0FI8luTuiPEpK5EbMSxPNJlj6060eMJdQNuzq4OAMg79KayCJW8Iz8jJpeyumhkBVN/RhtSVpWDLvR2xwRxAz8JaQwXAFsilVHTAwR+lWNuIWntJUWAvlCN/XHWs77Nb2c8HWSLy8sZdAAB/Fnr9f0q82EE16hwTk+1C9bYmPJHPHb5avcahHdzQtzEIS42yOXG3/p6VjUsK9QOXH8RNdEdvOlyppSySlnRMZOAcYbHpv+asAVDylov7xc74TGKCMoy0HKK7ZbtAZptMiYAuAuDg5xR5bfKF484HmSKT4VuAmnyRle7wxyAPzZ9R9KVubkRPlebPlkbfbFLe5WlsmMl0RerK57rLMxAILEY+lEtIi+/OQR9c05vLsTQhWjXmz+YDrSVsvdJzElSD0HSrafGIyM4x62S1ikmBzEMPTOKsGlhjJG6o6hGGdvLz6eXlUPZyFpAsaoAdgc/wCuKsmnQMY8bMeuA2f0qt6iT2i3DauyXhQ2+vlgwijlOQ6A8uCB5ZrdLmz/AG3h62nS2R1CKykH1ArG2GFtpAwLgBsqMkeldA8Dj+1uCLZCxLKjIoQdd9vPON8UqTTWjl3SG3DV9cSaTHEsaExZTdvfapLRrm9j1OVVZQso/KowQfn/AM60hw7bCK7liIBDDZBsQRUwYf2bUreQIQoccwJ8um1MxZ3VNmfljvSH1xaXHLztK2fY1FtFO8hDSlVHqM1pMfDrXNsO7iZgRsfWmadnd5dv/cqTk9PSr8cnHZWcEimQ2mfyTyHHXLVM9n9hY23aXocmoW8N/ZzyG3miu1EiMXBVSQwI2JGM+lW227JNRJ/vJAu3QA7H3zikdU7PLvSClykneNBMreHYrg7HPTrirOHP70vsXmxKWOUb+Df14J0GEcsWjaRCo/dFnEP6LQqestIka1iZ7dQxUEgsDjahV95qdcjwb8ed/J8iNPue+TKBiv8AGu4/Sp6yi8Q8at6jG9V6wnUMA249tqsGnsOqmPHwRXg3CP0fc5NPT0WzRSFcbAb/AHrStAkDlWDem5rL9JnRCA7Id+md6u2i3YWRAG29KRkiltAuEa0dM9lGrrYSQxswyTlickfNdBxyCRAQc5Ga444Q1hlvYTsYwclQDj9K6o4Lv/7Q0sSZ2GOUZ6DFd4dwy/2Zvn4+UFNfBYaFChXoTABQoUK44FChQrjgHzx18q597W7/ALy8nXJ5GYhRnbPx51vWoSGGxncMEKoTljgCuVOPNRSfUC25OWGAdutZnmKTaro3PxkdykzR+xazFrwxf3Jj5mupcZY4HKoIH9TXNXb1On/tI10nxBCi+vSNdq6B4E4o/s7s/LyWU/7PDKyCSBAQ2T1656muVu1vX4dS421m4ClUkuGI5/C2Om4+lVIRmnpaPV4Yenyl9mRauxZ23GSdgBVW1FJME+ECrHrVwskr4JYZ2PlVUvCzAhm5h5gHAq+lroqTlbaYziHjwc4zuRSV3yKx8R+tLJMA5yAfoT/rTW5kDseU+H32NJi5cqs3PExxljp0LaJxJJw7qsV5bMcxsDjpzD0rozRuLYdTs4Z4pAySoH28siuU7vPeeEjPo1a12UXX9pcOSW5kdZrWQqMA45SMj/X7U5NpmD+U8dRjZsn7bFPgk/rikJhDIDkjFZ7eXWp2EhwOZAfJutMJuNbi22lR1PmRVtS3TPJuC7su+qxQxQuwC4A3Yjp71jvFus/s+RKwIfKqQOlSWq8dXNxA0aSycvmOUb/XrWe6zezXcvMUDEZ3dc4qXkS0GlTIbU7zvJW25gf3sVCXEqj8oGT0OafXchjYr3YP8/l+tRsrKDk7fWlW6oYrxsbs8gYZ8+m9a92J32hcO3S6nqiC9ussI4AgYqNv16b/ADWb8OxRajqMUDIH5jjYAn361q1xw3Z8J6Q15FIyyMAAxBwc+QHTf4p2NOPuiVvIndUanxl2kcRazwJq02nXH/L1lb2crQ29uAZHVVyCzbYHsK5D07V7jVdfhnu5DNKz5ZmO59q23hnjROILPUtLZpJna1ljwq5yGQj19/LNc/aLN3GpwGSIqwceI4ODn0p858lfyF4T45CV1uHu9YnRzKRzbRhugxsKr9xMsU7ryEFTg5O9TXFozqzvznL+MHHnnrjyqvTd6shJbmJ6kjrVeuSN3LlcXSQ6s3P7SrtjlBBANX+01ZDEO7Y4Ppt/Ws2gnPeANVnhnMSCPmwQMYPlTsK4ukZ2aHJchbim7a4towebHPjI+POom3tAYQ5YLkZDE7U/u4ri5SKONhI7MAsYG5JPvT6ThXiCyjQPp7qXPKqqQSSBnyJ8qLLyl/FFTGkn7mU5ynOSpPyaeWK964w+T80jqdlPaXDR3ULwSjqsikMPoaU08FiFXGaBqVbQt6kdnfh14RuuKuCpprcmYwz8rZ9OUdPsa2jSuA76yUnkI23xVY/ACg1LhrXLRwqgJDLgEncF1PX12NdR3PDohfZRikvI17Tls4X/ABBcIsNN1CCVe6UEsFBIK5Xmz91rkhUktxOkTHkY+LzBwTivo5+Ijh6NJpYyWX9rtwDkb53U4PxvXz3vrdhJLGedSDgj612Pew5L6HnA8z/tcluwQh0JyFweYdP9antQ0qcNlwhY/wAIOarXC12bHXrORg3IJArEAHY7dD81rmp2ityuCTtjmA2/rXZaVNI6Di1oza4seSBucMHHQdRTRIFi3IGPfarpe6cZ4zzNkfJz+tVQRujlefOD03xToT5qpMmknodWbx5HhJq1aOzwllDBQ4GMEH71X7dFjjUggt5jlxj61M6S4inRjEQDsd+lDOkOS1bLJEjLEgYNIQN3z1rd+xQreaPdQHZkYMq5JOMY/wBBWHWuHxkgenLW2fh/kzrU0Er5R18KsdmIB22Pvn6UiTTjYcI09dGiWun/ALPehwhLg9SKe6jp7T923IOYeWCKlNZ006fOkmPzHIyelGvyb7T7aSN+RgTzj3/8H61Wg9+0meOto2DgLT4tR0C3kMeXwA2PI4G30q0wcNlplKgA/wAxqs9kmqBbFbdwWRsKoB25v6+lalCVz+XHtWpF62jMyDOHhxDGvNyhvPA2/WmGt8HRahpt1C4BLISoUY8Q3X9RVuTp0xRZEJUihT4u0Ksb6RN3ulWjNs/dKGHTBAwf1oV6JBEAoGAPIChQvYHFfR8abNxzDBJOf3TVisnKgnOM+R3qo2l3GgVUVVUeg/1qVtrlm5cDw+5qnP3K2j281asutjdKp3O/xVr0a55m8T4A6VnlhPuPFn2Jq0aVcsmArDr0B2qrCKTKznWjX+G75ueILggeYNdedkkgk4ZBzkggZLA426bef+9cT8M3waQKMKxAGTiu2ex/mPB0Jbc5A9/yirEMS9S2ZvlTuFF3oUKFXjFBQoUK44FChQrjitdompLpnC9yzdZTyDcD36n4rkHibWv2rUJXON2z13BrbvxB8Zw2zDT1lGIIyXAO5JGdv0/WuVLrVGnkJaQMTnfpScqtG/8AjsTbX7OkeHrr9k7LdJjaQ/8AvEryMBseXnbGM/ArkTtC1Fb3iDV5ghGZ5MA+W58q6u50tuEuFrMFmY2qSM2dxkD/AHNcU8ZX4l1XUWDlszyHJPXxHzpPp1E9nOMceJWyn6ldycxKsfgn/eoC6u25W5Syn9Ke6hK0rEqSf81QvcXd9Iy2trNOFOD3cZcj5wKmEOevkwZzhCXuYIndyc8pPvRJ4sLzAKPpUy3BHEVu6LNpdxEzjwq4GfXpnb61JngC9i0uO5uXW3aSTkRDv06k054MjfHjs0oeZgxw5c0jOLklmPIg+c4rQOwy+kTWtTt5WYRvAr8vUZDYz871JcN9iUWs3Nu93qzKj+J47eHmP0JO32rSrvgHR+CHshpVjyF0YvcyMWkc9CpOPg4HrVmHg5ErnoxvN/JYMi4wdji4SKaEnBYY64qp6haRyO2F++Ks0zkxghyvsFqAvwQ/MRkee1DPHFKzAT5MrtzodvcHBjA/6RiofVNFtrWMERMCP3vL+lWprmLG4P2qF1VVmzyc2PQVVaUuixFJMzTU7CNWkOVVjk5xVRv0IdlVyd/kVd+IVEEjKYmD4zv79KoepmRnOzAedLipOWg5SS0hTh9hBrVq+xKyAnm2GPfrWodrHF1tqHCFjaWzIX5hzkNkeuPL06/FYuJ3gbIJyPWjSX092AJfyjpls4qym0uynkxRm1O9l77H72W34qiTmKxS+Byp8v19qzvWIprTiK9gJEXd3LqduUDDHcVe+ym5itOJ4ZpwEjUeF225Wztv5eY+tQ/aTHp9lxtqTRRpcWs8nfDkbJUsMspPyTToyTj7kDjlxye50QvFk6tqSlofzxqw8eTj/wAH61EXkji5bLDbbLedS+u3EWryQTwv3QSIR92fYk5/XH0qNW1MzAc4c+hIrq1o1Xn5y7v9iUbTMQedQvsasbS4t0QAHlHkBk/XrUC8R7xWSE/KbCp3kYw+IlWwOZVGwqIy4sRlcb3IUsdWj029gmljkKxuG8PXb0zWudl/E+ncQ8ecPWkU8heS4LRxTqV8XI2xPTf5+tYnJZI4IyFPqQRivND1e/4b1eC/0+6e1vrV+eKaBirIwyMg/U/erMJP+RnzV9svnb9rGq6vx7NJrdtY293DEsKJaSq47sZ5SeVm3OfM1nlpJzOF5Rn1zS/EWvajxNfm81Kea7uyADPM5d2HluaY2sfI/Q7+tL48/wCLAUnHo77/AOHTqUltq+p2zIFjltJFGSPEVdG/+o129qE4Jzjb+WvnX+AqzbVeLEsEnkthJNIvewv4wTDnGPQ8n619DZuyGS5tgi6neN7yE+npVecE5bOizD/xAWsNxBb3LSDvFxhSMg+WPnavnDxdpk1nxdqFu7LEBPIvLtsQxGOp9K+o/bF2QzWXDrTd/PIp85CT4gCfL46V83O23SE4e47vG5lQyOJmDdGLqHz9cnNLjFRnVlh1KBnkrGC4/OCAfzAf7V0EkcOqcN29xC6HvIVf+Xpkj2rAbpsXGR3bITkFcYxW4dnFw99wbaHIcwFoc9Nh0/Q0/LJJUiIyohLmydXJLKQNzgZqizgR3kiOSCGIGGPrWp6tyR3DB1VmI6N5is/4gSWG8OCoR/Eq8o8PtvSoSd+4iQSxkcSI3cmSMH1qfs2eVxlM7eW1QGkswlAEeSR1QDNWOwue8A7sA5/eI3qJxalaVjYW9Poslk0pjRu68Pu2K1LsZvJLXi+xMSkByeYLvk8pwD9/6Vm+igyWpEm7hvzY8sCr/wBnN8ml8V6PcueRIrqMseu3MM/pSHfSLm6tHU2t29/q+mq50uWLALLIVPL0B2zsf/PSoGw0vU7izeWGPnhjHMeX09gK6STQEudKRSi5XdRgADGcdPLFZrY6adP1i9sFBURseXIxkZ2/Q1UhkalTRMraoh+BbvVtLnEkVmXLeHm5vOtnsdR1+UJnR+7J/jcDHz0xTLs802L9ouklALxMkkYI6HcE/oK0HyrVhL2mNk/lRF2z6q6jvYoIumSTn7Yp4i3G3O6f5RTihUihPuz5n9KFKUK44+JEMgyBzhvg0+tpXQANKD6821VrSQHsYyw5jv1+am42IUYJGBSJJx0e5k+OidsrpWkUqMnrnferRp2oMWAw4PqBVLtvyqfPP+9WjSSTEuTnYdfgUDS+inLGns0XhrUDFcw5bmJYfmPQedd8dit5BdcEQJFJ3skLckh9+UAfoBXzv0MnvAc7gZHtXfP4bwP/AGfk43MwJPr/AHaU+P2Y/lVxZqlChQozKBQoUK44FV7j3jCDgXhi61aYK7R4SKNm5Q8h6DP/AJ0qw1gX4uppF4e4djDsI3upOZAdmwgxkedFFW6ZxzZx92g3/FV5MnIZriWQvyxqeYknJA6+Z8qrNlpmpPcwJcWr2aTOFM87cvICcE467VsvANhbR8JXV4lvEt3kr36oBJjI25utZtr0ryzMXdnPKd2OadnxpJfs1cPlzw1OPwX/AFvtEi0x7aw7mUvp0MduFIHKeUDBznJ2rD7jQNGuZJ1NtcXMxJcGVjjGSegwDVw46kZuJJQWJHJFsT/+mtQtmi96PCPtWrj8XGldAeV+Z8rKlFuv6IXTpNKsJeSfTLNY8Y7wRAY/SrHBIliU/ZooYoNuURoAP0qia2xDykE5DHBqV4fkZ9PTmYthiNzTIwgpVRmZMk5q3I0jUtKs+LtGh79hFPGCUkj/ADBvWsd4rv7rSLaXTNVSQ4bnt7kryrJ1GfTPtWs8Ku3NIvMeXlzjPvVb7aYI34Uldo1ZwThiBkbZrUWOLVooRyzUtsofBPEsMrrbyEiRMsrnPT5rSpbqPV9PWB5/Ep5o2YZ5TtXP+jsTNHufzeta/pBJsoTk5xS3FPTAcmvcuxK6JgYpIvK46jNQ18/MDjwj2NT/ABAM2qnzDEA1UJySrZOfmvLeTH05NI1PHyPJDfZB6ndCF2Vc7HrnaoG51WQnlVQBjrzVNayo/ZpTgZAOD9qoF6xJO5qg1x2ae3FNsba5qZ5yvNzk53XcD2qn6hc8jHlK8pHpvUnqrETbEjw1C3fiG++/nS+TboGDafIh7yfLDG59TTdWyQXO3ucU7mYrnBI38qZzeIEnc586fT+CWuathzqEkO0eRkeu1MZn5j4tz5YalWAB6UWNRzjYfamRpOitoX0+QBmWQ8qY8yaFxEqElZFPnvQUAk5AO9HPWrEV8k9dCFsSHUq5Ug58LEVLPfTcvhbf1O5pkijI2H2r2c4YY2o5JdgO17rHAuJc4Y+L3FJyysWPPGvypIr0bR588UiCS4zv0oOVLQa/jYtBBE5zyOfZWwa9t7VzL/eeEDcH1/WndrsR805uSSN6myVDVnSX4GteGidqdpH3sau13bSKDgk+Mo3n6NX2FXBHTB646Gvz3aZPJav30MjRSp4lkRirKdtwRX1L/wCHzxjr/EvDU0er65qWqxxRgRpe3ckwQewYnFV2VnuzpztTtBdcCap4AxjUSDPlhhk/bNfLL8V/CsNlxDaSywgie2hxIDuCpden2619XuNv/wAJax/+1k/+WvmH+ME5i0Vjuwi6+f8Aiikyj7kx+KPKLOX5+Gu/UFJSo9WG9WHhLiObguxntzFFPHM4c5flZSMjrg1HwMSoyT19aQ1NQyEEA7+YoptzVMhuiw6h2gRXV2LjuHt3K8pjWUuG9D+UVEanro1dYSbYpyMfEcYYem2/Wq1CSLnGduXp9qPDI4vocMRlt96HHp0TGXLRY7SQrGvKqkjYDAH6ipuwmVo8EYl6cmAR/WoSzAeYBgG286kYEUYwoH0q1y5S4sa9NRL1wjHLILnvTgBQUDEb779asenXBSdWAHhORjY5+1VbhIlebBx4D0+lWGLwybbb+VVJKsjLTx+lH2s+pnZ3q8XEPBekalCyPHdWscwKdMlRn9c1VOPrFtK4lhvUUBLhBkgb8w2I+3LSH4aHZuyDh0FiQIm2J/napXtaJ7nTd/33/oKz8iqSZXhkabJLgS65tSK4IEkROAPQjH+v3q91m3CG15ZHz5Bv/lrSB0rTg7iUsm5We0KFCjFgoUKFccf/2Q==","2021-10-17 06:37:25");



#
# Delete any existing table `tblblotter`
#

DROP TABLE IF EXISTS `tblblotter`;


#
# Table structure of table `tblblotter`
#



CREATE TABLE `tblblotter` (
  `id` int(11) NOT NULL AUTO_INCREMENT,
  `complainant` varchar(100) DEFAULT NULL,
  `respondent` varchar(100) DEFAULT NULL,
  `victim` varchar(100) DEFAULT NULL,
  `type` varchar(100) DEFAULT NULL,
  `location` varchar(100) DEFAULT NULL,
  `date` date DEFAULT NULL,
  `time` time DEFAULT NULL,
  `details` varchar(10000) DEFAULT NULL,
  `status` varchar(50) DEFAULT NULL,
  PRIMARY KEY (`id`)
) ENGINE=InnoDB AUTO_INCREMENT=30 DEFAULT CHARSET=latin1;

INSERT INTO tblblotter VALUES("27","Darryl","Noriel","Michael John","Incident","Bulaon","2021-10-17","22:00:00","thesis","Scheduled");
INSERT INTO tblblotter VALUES("28","Darryl","Noriel","Michael John","Incident","Bulaon","2021-10-17","15:30:00","thesis","Settled");
INSERT INTO tblblotter VALUES("29","Darryl","Noriel","Michael John","Incident","Bulaon","2021-10-17","07:00:00","thesis","Active");



#
# Delete any existing table `tblbrgy_info`
#

DROP TABLE IF EXISTS `tblbrgy_info`;


#
# Table structure of table `tblbrgy_info`
#



CREATE TABLE `tblbrgy_info` (
  `id` int(11) NOT NULL AUTO_INCREMENT,
  `province` varchar(100) DEFAULT NULL,
  `town` varchar(100) DEFAULT NULL,
  `brgy_name` varchar(50) DEFAULT NULL,
  `number` varchar(50) DEFAULT NULL,
  `text` text DEFAULT NULL,
  `image` varchar(200) DEFAULT NULL,
  `city_logo` varchar(100) DEFAULT NULL,
  `brgy_logo` varchar(100) DEFAULT NULL,
  PRIMARY KEY (`id`)
) ENGINE=InnoDB AUTO_INCREMENT=2 DEFAULT CHARSET=utf8mb4;

INSERT INTO tblbrgy_info VALUES("1","Pampanga","San Fernado Pampanga","BRGY Bulaon","09752490788","We want to give the people of Bulaon the ability to promote their community to the world via the internet by providing this interactive website. The growth of this website of Bulaon is not dependent upon one individual. This website will grow as more people of Bulaon participate and provide valid information about the community and also by providing pictures about the community. More power to Bulaon.","17102021003133bulaon.jpg","17102021003133SFLogo.png","17102021003133Bulaonlogo.jpg");



#
# Delete any existing table `tblchairmanship`
#

DROP TABLE IF EXISTS `tblchairmanship`;


#
# Table structure of table `tblchairmanship`
#



CREATE TABLE `tblchairmanship` (
  `id` int(11) NOT NULL AUTO_INCREMENT,
  `title` varchar(100) DEFAULT NULL,
  PRIMARY KEY (`id`)
) ENGINE=InnoDB AUTO_INCREMENT=13 DEFAULT CHARSET=utf8mb4;

INSERT INTO tblchairmanship VALUES("2","Presiding Officer");
INSERT INTO tblchairmanship VALUES("3","Committee on Appropriation");
INSERT INTO tblchairmanship VALUES("4","Committee on Peace & Order");
INSERT INTO tblchairmanship VALUES("5","Committee on Health");
INSERT INTO tblchairmanship VALUES("6","Committee on Education");
INSERT INTO tblchairmanship VALUES("7","Committee on Rules");
INSERT INTO tblchairmanship VALUES("8","Committee on Infra");
INSERT INTO tblchairmanship VALUES("9","Committee on Solid Waste");
INSERT INTO tblchairmanship VALUES("10","Committee on Sports");
INSERT INTO tblchairmanship VALUES("11","No Chairmanship");
INSERT INTO tblchairmanship VALUES("12","Sangguniang Kabataan");



#
# Delete any existing table `tblofficials`
#

DROP TABLE IF EXISTS `tblofficials`;


#
# Table structure of table `tblofficials`
#



CREATE TABLE `tblofficials` (
  `id` int(11) NOT NULL AUTO_INCREMENT,
  `name` varchar(50) DEFAULT NULL,
  `chairmanship` varchar(50) DEFAULT NULL,
  `position` varchar(50) DEFAULT NULL,
  `termstart` date DEFAULT NULL,
  `termend` date DEFAULT NULL,
  `status` varchar(20) DEFAULT NULL,
  PRIMARY KEY (`id`)
) ENGINE=InnoDB AUTO_INCREMENT=14 DEFAULT CHARSET=utf8mb4;

INSERT INTO tblofficials VALUES("1","Peter Guevarra	","2","4","2021-04-29","2021-05-01","Active");
INSERT INTO tblofficials VALUES("4","Marlon A. Lorio","3","7","2021-04-03","2021-04-24","Active");
INSERT INTO tblofficials VALUES("5","GARRY A. RAFEL","4","8","2021-04-03","2021-04-03","Active");
INSERT INTO tblofficials VALUES("6","TRILLION LOWRY	","5","9","2021-04-03","2021-04-03","Active");
INSERT INTO tblofficials VALUES("7","MELANIE M. ELBOR	","6","10","2021-04-03","2021-04-03","Active");
INSERT INTO tblofficials VALUES("8","ERLINDA V. VITUS	","7","11","2021-04-03","2021-04-03","Active");
INSERT INTO tblofficials VALUES("9","JOEDAVINCE","8","12","2021-04-03","2021-04-03","Active");
INSERT INTO tblofficials VALUES("10","ALEJANDRO A. CAGAMPANG	","9","13","2021-04-03","2021-04-03","Active");
INSERT INTO tblofficials VALUES("11","JOSEPH P. PARDOS	","10","14","2021-04-03","2021-04-03","Active");
INSERT INTO tblofficials VALUES("12","RUTH A. BACAG	","11","15","2021-04-03","2021-04-03","Active");
INSERT INTO tblofficials VALUES("13","DIANNE A. CURRY	","11","16","2021-04-03","2021-04-03","Active");



#
# Delete any existing table `tblpayments`
#

DROP TABLE IF EXISTS `tblpayments`;


#
# Table structure of table `tblpayments`
#



CREATE TABLE `tblpayments` (
  `id` int(11) NOT NULL AUTO_INCREMENT,
  `details` varchar(100) DEFAULT NULL,
  `amounts` decimal(10,2) DEFAULT NULL,
  `date` date DEFAULT NULL,
  `user` varchar(50) DEFAULT NULL,
  `name` varchar(50) DEFAULT NULL,
  PRIMARY KEY (`id`)
) ENGINE=InnoDB AUTO_INCREMENT=14 DEFAULT CHARSET=utf8mb4;

INSERT INTO tblpayments VALUES("5","Business Permit Payment","7000.00","2021-05-19","admin"," Atrium Salon & Studio");
INSERT INTO tblpayments VALUES("6","Certificate of Indigency Payment","3500.00","2021-05-19","admin"," Ronil Gonzales Cajan");
INSERT INTO tblpayments VALUES("7","Barangay Clearance Payment","2500.00","2021-05-19","admin"," Ronil Poe Cajan");
INSERT INTO tblpayments VALUES("8","Business Permit Payment","3500.00","2021-05-18","admin"," Atrium Salon & Studio");
INSERT INTO tblpayments VALUES("9","Business Permit Payment","7000.00","2021-05-18","admin"," Atrium Salon & Studio");
INSERT INTO tblpayments VALUES("10","Business Permit Payment","7500.00","2021-05-18","admin"," Atrium Salon & Studio");
INSERT INTO tblpayments VALUES("11","Business Permit Payment","100.00","2021-10-17","admin"," Jollibee");
INSERT INTO tblpayments VALUES("12","Barangay Clearance Payment","100.00","2021-10-17","admin"," Darryl Berbegal Daracan");
INSERT INTO tblpayments VALUES("13","Certificate of Indigency Payment","200.00","2021-10-17","admin"," Darryl Berbegal Daracan");



#
# Delete any existing table `tblpermit`
#

DROP TABLE IF EXISTS `tblpermit`;


#
# Table structure of table `tblpermit`
#



CREATE TABLE `tblpermit` (
  `id` int(11) NOT NULL AUTO_INCREMENT,
  `name` varchar(80) DEFAULT NULL,
  `owner1` varchar(200) DEFAULT NULL,
  `owner2` varchar(80) DEFAULT NULL,
  `nature` varchar(220) DEFAULT NULL,
  `applied` date DEFAULT NULL,
  PRIMARY KEY (`id`)
) ENGINE=InnoDB AUTO_INCREMENT=7 DEFAULT CHARSET=utf8mb4;

INSERT INTO tblpermit VALUES("6","Jollibee","Darryl Jade B. Daracan","","Fast Food Restaurant","2021-10-17");



#
# Delete any existing table `tblposition`
#

DROP TABLE IF EXISTS `tblposition`;


#
# Table structure of table `tblposition`
#



CREATE TABLE `tblposition` (
  `id` int(11) NOT NULL AUTO_INCREMENT,
  `position` varchar(50) DEFAULT NULL,
  `order` int(11) DEFAULT NULL,
  PRIMARY KEY (`id`)
) ENGINE=InnoDB AUTO_INCREMENT=17 DEFAULT CHARSET=utf8mb4;




#
# Delete any existing table `tblprecinct`
#

DROP TABLE IF EXISTS `tblprecinct`;


#
# Table structure of table `tblprecinct`
#



CREATE TABLE `tblprecinct` (
  `id` int(11) NOT NULL AUTO_INCREMENT,
  `precinct` varchar(100) DEFAULT NULL,
  `details` text DEFAULT NULL,
  PRIMARY KEY (`id`)
) ENGINE=InnoDB DEFAULT CHARSET=utf8mb4;




#
# Delete any existing table `tblpurok`
#

DROP TABLE IF EXISTS `tblpurok`;


#
# Table structure of table `tblpurok`
#



CREATE TABLE `tblpurok` (
  `id` int(11) NOT NULL AUTO_INCREMENT,
  `name` varchar(255) DEFAULT NULL,
  `details` text DEFAULT NULL,
  PRIMARY KEY (`id`)
) ENGINE=InnoDB AUTO_INCREMENT=13 DEFAULT CHARSET=utf8mb4;




#
# Delete any existing table `tblresident`
#

DROP TABLE IF EXISTS `tblresident`;


#
# Table structure of table `tblresident`
#



CREATE TABLE `tblresident` (
  `id` int(11) NOT NULL AUTO_INCREMENT,
  `national_id` varchar(100) DEFAULT NULL,
  `citizenship` varchar(50) DEFAULT NULL,
  `picture` text CHARACTER SET utf8mb4 DEFAULT NULL,
  `firstname` varchar(50) CHARACTER SET utf8mb4 DEFAULT NULL,
  `middlename` varchar(50) CHARACTER SET utf8mb4 DEFAULT NULL,
  `lastname` varchar(50) CHARACTER SET utf8mb4 DEFAULT NULL,
  `alias` varchar(20) CHARACTER SET utf8mb4 DEFAULT NULL,
  `birthplace` varchar(80) CHARACTER SET utf8mb4 DEFAULT NULL,
  `birthdate` date DEFAULT NULL,
  `age` int(11) DEFAULT NULL,
  `civilstatus` varchar(20) CHARACTER SET utf8mb4 DEFAULT NULL,
  `gender` varchar(20) CHARACTER SET utf8mb4 DEFAULT NULL,
  `purok` varchar(50) CHARACTER SET utf8mb4 DEFAULT NULL,
  `voterstatus` varchar(20) CHARACTER SET utf8mb4 DEFAULT NULL,
  `identified_as` varchar(30) CHARACTER SET utf8mb4 DEFAULT NULL,
  `phone` varchar(50) CHARACTER SET utf8mb4 DEFAULT NULL,
  `email` varchar(50) CHARACTER SET utf8mb4 DEFAULT NULL,
  `occupation` varchar(100) DEFAULT NULL,
  `address` text CHARACTER SET utf8mb4 DEFAULT NULL,
  `resident_type` int(11) DEFAULT 1,
  `remarks` text DEFAULT NULL,
  PRIMARY KEY (`id`)
) ENGINE=MyISAM AUTO_INCREMENT=182 DEFAULT CHARSET=latin1;

INSERT INTO tblresident VALUES("181","2011903089","Filipino","person.png","Darryl","Berbegal","Daracan","DJ","Minalin","1993-08-07","28","Single","Male","","Yes","Positive","09752490788","doubsters08@gmail.com","Service Crew","#270  San Nicolas Minalin Pampanga","1","");

