# ABMS : MySQL database backup
#
# Generated: Sunday 17. October 2021
# Hostname: localhost
# Database: abms
# --------------------------------------------------------


#
# Delete any existing table `tbl_support`
#

DROP TABLE IF EXISTS `tbl_support`;


#
# Table structure of table `tbl_support`
#



CREATE TABLE `tbl_support` (
  `id` int(11) NOT NULL AUTO_INCREMENT,
  `name` varchar(50) DEFAULT NULL,
  `email` varchar(60) DEFAULT NULL,
  `number` varchar(20) DEFAULT NULL,
  `subject` varchar(100) DEFAULT NULL,
  `message` text DEFAULT NULL,
  `date` timestamp NULL DEFAULT current_timestamp(),
  PRIMARY KEY (`id`)
) ENGINE=InnoDB AUTO_INCREMENT=4 DEFAULT CHARSET=utf8mb4;




#
# Delete any existing table `tbl_users`
#

DROP TABLE IF EXISTS `tbl_users`;


#
# Table structure of table `tbl_users`
#



CREATE TABLE `tbl_users` (
  `id` int(11) NOT NULL AUTO_INCREMENT,
  `username` varchar(50) DEFAULT NULL,
  `password` varchar(100) DEFAULT NULL,
  `user_type` varchar(20) DEFAULT NULL,
  `avatar` text DEFAULT NULL,
  `created_at` timestamp NOT NULL DEFAULT current_timestamp(),
  PRIMARY KEY (`id`)
) ENGINE=InnoDB AUTO_INCREMENT=13 DEFAULT CHARSET=utf8mb4;

INSERT INTO tbl_users VALUES("10","staff","6ccb4b7c39a6e77f76ecfa935a855c6c46ad5611","staff","03052021043218icon.png","2021-05-03 10:32:18");
INSERT INTO tbl_users VALUES("11","admin","d033e22ae348aeb5660fc2140aec35850c4da997","administrator","09052021074950person.png","2021-05-03 10:33:03");
INSERT INTO tbl_users VALUES("12","Darryl","6d15310eaec4ccdc09a806be4fe1a89c149d9ccd","staff","data:image/jpeg;base64,/9j/4AAQSkZJRgABAQAAAQABAAD/4gIoSUNDX1BST0ZJTEUAAQEAAAIYAAAAAAIQAABtbnRyUkdCIFhZWiAAAAAAAAAAAAAAAABhY3NwAAAAAAAAAAAAAAAAAAAAAAAAAAAAAAAAAAAAAQAA9tYAAQAAAADTLQAAAAAAAAAAAAAAAAAAAAAAAAAAAAAAAAAAAAAAAAAAAAAAAAAAAAAAAAAAAAAAAAAAAAlkZXNjAAAA8AAAAHRyWFlaAAABZAAAABRnWFlaAAABeAAAABRiWFlaAAABjAAAABRyVFJDAAABoAAAAChnVFJDAAABoAAAAChiVFJDAAABoAAAACh3dHB0AAAByAAAABRjcHJ0AAAB3AAAADxtbHVjAAAAAAAAAAEAAAAMZW5VUwAAAFgAAAAcAHMAUgBHAEIAAAAAAAAAAAAAAAAAAAAAAAAAAAAAAAAAAAAAAAAAAAAAAAAAAAAAAAAAAAAAAAAAAAAAAAAAAAAAAAAAAAAAAAAAAAAAAAAAAAAAAAAAAFhZWiAAAAAAAABvogAAOPUAAAOQWFlaIAAAAAAAAGKZAAC3hQAAGNpYWVogAAAAAAAAJKAAAA+EAAC2z3BhcmEAAAAAAAQAAAACZmYAAPKnAAANWQAAE9AAAApbAAAAAAAAAABYWVogAAAAAAAA9tYAAQAAAADTLW1sdWMAAAAAAAAAAQAAAAxlblVTAAAAIAAAABwARwBvAG8AZwBsAGUAIABJAG4AYwAuACAAMgAwADEANv/bAEMAAwICAwICAwMDAwQDAwQFCAUFBAQFCgcHBggMCgwMCwoLCw0OEhANDhEOCwsQFhARExQVFRUMDxcYFhQYEhQVFP/bAEMBAwQEBQQFCQUFCRQNCw0UFBQUFBQUFBQUFBQUFBQUFBQUFBQUFBQUFBQUFBQUFBQUFBQUFBQUFBQUFBQUFBQUFP/AABEIAPoB1AMBIgACEQEDEQH/xAAeAAAABwEBAQEAAAAAAAAAAAAAAgMEBQYHCAEJCv/EAEgQAAIBAwIDBwIDBQYFAQYHAAECAwAEEQUhBhIxBxMiQVFhcYGRCDKhFEJSYrEVIzOCwdEJFnLh8JIXJEOywvE2U2N0orPD/8QAGwEAAgMBAQEAAAAAAAAAAAAAAgMBBAUABgf/xAAvEQACAgICAQQCAgICAQUBAAAAAQIRAyESMQQTIkFRBWEycRRCI1JiBoGRobHw/9oADAMBAAIRAxEAPwD5yXV3zqB0/wBKZgAAkNmlr12DeLGfc01Lsc4GRXKKXR6HNxb/AKPORSxy30JpRU5fT70UMVO6jPvSkStIwyuB65qZJyExSS0x7bKAM5GKNcyeHA3NHRAigA5pK7gCxhjtnpmuS+C3FyjFtDJjRolBbxEHfpRCvKM5GDStuAZB0JHv1qf6KUoRUX+zrTsgs5LTs60NCqjmjZyoOcczs39CKt91bK45/FDKv5ZFGCvtk/0qu8KWa2nDmlQxBYlS1jyqHbPKCf1zU9E4QeORj7AV6HA6xpN6PI+Qm5toWtNXmtVIvVZ4QMC4VMAf9WNh81IpcwzqjIxIPTA6iowSZ/KSR7im8GlvayNJY8kYO5hfwxk+u3Q1d/d6KfJrRZLeATNiPm5sDOOpqa0/RTkMVwfWoXQL60uLrue4W3vD1R9i3wfOtG0fT1YqXXbz3o9y6YcYLuR5Z6OrwAhst55GRmozUuC1kdpEADnchV61pFlo6rACmQvrg0r/AGNHLnLHm+KP01FWA5LlRg3EWn/2Dpl9eSoyR2sDzNkEHCqT6Z8q4AvSrsSxJb0xivpd+IIf8udkfE10wwHtjApbzLkLj7E182dRKhm5U2zsAKxPOk1SR6b8YrhL6+iMwAdvvRGbJ/MfijHmLbjFergDKgEmsV97NSMVegud/wApr1gSNm+lekvndD7Zowjbl5vL3rqfRZS+mJc3KMcxpNyoOc5NLsMjHSknyoO+alNroq5IfImZMdM/QUvBIEZXUsrjcMNiKbrlycb/AEpVWb+WiToUnen0dI9hvb9Fa2ltw5r0EbzDmS21WbB28o5Cf0b71Mdo3ZvZcba01+qRWFw+O9mRR/eY9VG2cedcsxylTuQK2fsS7ZoOE79NO4hRr3SJW8E7szPat6jfdPUValk9WPGXZVy45xlyiyF4n4N0vhm8a0eC6luAMq1w4VWHkQq5OD7tVdFvCH2RUPsDgfck/rXVPFOu8I8dae0CXWm3WMmCS3lRniJ9M7/INc8ca8OTcPalJH+zv3BI7qcx4Vxj13Geu1Z+XFkxv3dDYTjP+KoqepwxtGGGC3nyio1E32H6Yp/cxvy8zDC0wktpBl1Ow9DUQ67GSm3tnk0GV3WmhYx7binS943zQkt2dc8wz6Gj52uLB5yXQ1WbBz1xTmKZW8ippkAyy4JAHtT5Iyy9cCjS0LSbHEMzKw5Xz8ipKG4c/mxiomOJV6MCaewHoACftUvi0c04v6JEsWUAcwPsMiiqhj3Jwx/mxSeVwBuPX5r3u0xkDB9zSorijo0jySdFB5k519sbVGu/eHAyAfKnMuFY8y5+KbPhjt096n5pnRxub0JOuBgHP6U3FvzNuaedzkZwprzAUeZqbLTxxx7kEjh7r8xGPYUdpIzjy9iaTkfA6fpSDTkZwKhxT9wEpJijzJsNvvSUkyY/MfpSTEtvRCAfLBo/9aZWcF00emcMcAUi4J3Lj4o5yOgpE5Y48Ofmh76Oa0GWQAY5lFFZe8bwj6CnMWnvIM7Aexp7DadwpxgfJqVrYf8ArTGsFkBHzts3oaWQcufHt8U4KbHLqKRwebqMeuaG+Xbs7aE5Yoyc8w+lJ7RnG5HzTnl6+LP1pIqAw8S1zb6GOX+wQgNk/l+TSUobGQeb4Ip20Y5Pyqfem7uo6DBolNp9C05JiYlkx+X7mhRw8nl0+aFM5DfWyfYe7KtIeVcr85pHlH7qgH3IFeSKDuzAn4oco5egO1KSpUWG3JsA265pe1GZBjA+abDmO2CBTq05UbLZz80bVbF4o2x8+5GN/ekp4zyEFc+e5pxgMgxy/J60HPLHjHN7g1DezSjj5Rsi/AdjsfSnVlC0txHGFHjYDII9aQlPiPg2qW4Osv7U4n0mzCljPdxoeUHIHMMn6Df6USXLoo5W4p2da6eEt7aFIhyqiBQdgDj6U8VpHYnmGT71XzZ3enKO9ZHQfvgk/fNO9L1L9oBKTRyoGxt6/Nb2NKMdnkZvk/onIwS45iM/NO1KDzHwDTOElyPD9zT+GZRgcuD6bVMpr4IUElQtHZQ3qcr4x6g7/fyq48H65qHDtwiXayatpwI3AzPGv/8Apj6Gq3ZlC4JAH821W/QoGkmTIyp6EjaixzlF2L9I33hq607iDSUudMu4ZIm2fI5SrejDqD8il203lYloht5gVmlhoot50vLO6k06+XcTQEeL2dejj2NaNwvxLcG2K63EIgvh/boBmBv+sdYz87e9aKyRbWhEoNdnNv48NZXTuyvTtKGYpNQ1FWwVyCsasT+pX7188rzlUHlOa7d/4jusRXPEvCelxMDFb2L3Lcr9S74G3wo3riK+UZPKMj71gfkXH1eKPVfjIVh5MjWcs24ouPSlu7B2zih+z53VgayGanHdoQxv+bFKqvKpweleNE6nBG9H5CB61Nj1FvQhIwwcmk15GJ8/pS0ykj8v1IpNPY49qgrzjTAygeWfgUQgY25h6UqVHmaL3Qxsc/NcvojivoLGmWzzbe9PzErR4AAPrmmOCG6gfWpO1h50zu312qW6Q/xsancWrJrgXiX/AJX1tJ7qyg1SwkISe2nRWyvqrEHBH+tdD8EWvD3E/Bl+15+zX0d5O0n7PCBzWPVUVBsVbG+ehyetcyzRiNdwzEdADUjwbxlqPButx3tiS8RPLNbMcJMnmD7+h8qdjzRkuMtoz/K8d4pcsbotHGvA1xw6/NIxa3cnu5uXCkZ2ztselUmWIKW5/GP5Tiuw+G9a4Q7UuFJgkSzxOoW6spm/vIG8s/6MNqxvj3sci0S7luNNZrjS87M27x+zeo96DLj9KPJdFfFlU3xl2YysIjydsH1bOKTkkT+IZq0zCw05mhKGeToy93jf0zmoi+0Wa4i/aYLR44jv1z/pVaMk9h1XwQzcjHfBrwScvQ/Sh3XIxDAjHtRuVADg5Ppin2ha09C8MsZ64z81IQMnqBiohYg7bjHpR1tnzlSwFC2NTbWyZeSEDZunrRGkVxhXT+lMo4mjXZecn1ojm5ABa2flPQqM0tv6GRxx7mxd0B6uG+tBIs+lIJOB+eFx/lpVr6JBtGR8imJXQTy0uMVQuECA4P6UhMUA2AY+9EN6rjZDv02pBpZS2FjyfTlNSvoQn8MLIw9P1ps5AP5qd/sl1P0iJ+BSkHD0z+JxgehO9FpLYurIszDPhBo6K8nTzqwxcNQxjMmWONgu1SVpptvC20KoP4jk1ypb+A7+ysxaNcSRhmBRD5n/AGpzFo4hwQyOfQjGKtpgCLzIxL+WKYSWpkcl8j+YYpSmm9A0Q7WvLnbHso2ovdIEYljzY2Hqaknt1BIXmIHmTtTeSNcEZA+MU2+SOX6GIAfy5fTNN5AwbGMj2NPwg3HKSPPem8syDojH60lJciHK1Q3II6Db2OKSlDcwwhA/6s0oU59ySoNeqeTGMmiOg1dPo8UIY8EkH3pN/COgx64pzzc4y2+PNhRHKsMBlX/pov6LEk66GTPGD1/ShRzCxOwY++KFGr+xXtBKMP6j7UQ+32xR5G5j+Ufei8p8gB7E0t18GjJXJ/J4Iy24Az77U7tuaNh0PsTmmyq3XIBpeBMvu2PfNdtrZ0YpPQ7aUOwBTB9QKWaNe4JYEADyGTSIUL+8T9aXJXu/MDHpXP8ARciu2R58eRyVd+xeyFz2h6UxQMIeebBbG6ocfrVPff8AKBt7Vo3YMFbjZmLFAlrISApw3QY/Wm4lymkUPKSWNybOi1VWwfynrtTO50CKYO0IWOU75LbdPTyp3HyMvhkAHsaWjtXl/LlvfFejcV0meGnxctIgQLjSGImKFB+8u46etSGnakl0y+EFfVTipSKzKt42wOuABTC44djjk76xYwSY3XlJUn4zUPGl/EbHKorZatKkBKjA5emev9K0Thm2Ktzchxjp5Vkui6idMvIEvIXgjdgDKynkJ9jW2cO92/I0OJE6gjpikcJXtFlTTVxLNYQlsYAFWDTuezcSR7P5EHemlja86g8oNTNvZsxHKF67/FW4R+mInJ9nzc/F5rMesdtuvmKGGGO2aO3VYgRusa823TqT6Vgdw+Dk8o/StN7Y9SbiDtG4jvRJlJ7+aRRjfBY4/TFZleRAMcbisLzMnqZXs9t42P0/GVfIyklLHbBpS3YY3Ab2JpHlTOdwfilYzyr0BHriqPHWx+J3JWtBZ2zJjAH0r08yqMYP1rwEO/5cfFKyKFXYb+9Ciwl724jOYOw8QxREUD0JpWQB6JyhR5VNFDMnzvs8Pi/cB9wa8Kn0xRWRuoA+hoASegAokmVZSlYPGPLapGzZ+TquPQ1G8pDbgmn9mQOmahmh4c2p6YtcSyKhPJ4f4vKmas7MSAB7Gn0ylo+jFfOmiW2RlSv1NDFJDvIjKT4yJbh7W77hrUob6wlMNxH5ruGHmGHmDXVPZx2laFx7pzIljHa6zEmJbeZifLd4xncZ+orkJgY/yAk+dPNJ1afTNQgvLdzBcwMHSROoIq3jkv4y6MTN41bidJ8Udkmm6tqM97bc0F5KeY5YmLPXZfL6fanHZ3wbcadxBZzcSaYl3ocNwpms4ZAjTIDvg7Y9evl03p52W9s1jxtYjTr9LfT9bjGSFUKtyP4kJ3z6rVi4o1uy4Z02S+1B+4tkOCzAksT+6B5n2qJ+FjyS5LooLycmNuCLB+LP8IfDOucEntV7IrdoNOjizqmhCNhyY/NJHnoegI6bZ6k1wcw5TggE+q1vf/tf437QdOuuFNEu7vTeGLpw1xZwzYjY9OaQjqTtsOuPOtJ7U/wJtp3Y3ovGfAuq3fE96YBNqmmG0COgIyxiCZBCHYrnO1IcXjk0touRbmrl39HHol7vyyfelIrkMcHw79AKSeIRMwKEEEghhgg+ec+dFHKWOT9jQShb0xvqtKo6JeDkfGR85qZtIlGG52cD901WrdlH723zUpaT8rDxeH0Y7ULjy0JtrosKiNyoMS4G+9LNZWkzBntoy38WATTW3l/uFfKOCPJs04QxkczEj2FKfFIUtvYtHZwIxIAJxjp/tRLiKJl2IVjnYL1oiXQU4XJHuaN3nKpbuxg+e5/rRKLbtsYpOTpaGhhZRswb2NeJCBuQg+lPcc6K/LGqk8owDnPvvSZDFio5cZ2AGTTm70Kb9ybG5SLoQv0FHUqkeBnA8sUosB5vyn+lK/ssIbmPMWPvUSS+ZDeV9IYyBZUOwj+KZyoo2Vcn1JGDUpPDy5AyFPmRTC4jWNS3OK7iorsD3IYOj5J/u19tqa3M/djdVz8UvJJ3r8qEFvfb/WkWtM+J+Un70cdfFjk/hDE3bynCqFHqdq9WPfOAT807MPKPCuPrikGUEnbf1G9B+hU7vZ5I+VwykbeRFN2YAYwQD7UssfLnJz8mi9yvNnmJ9qjoNr6G/dBuhAokkAAzy5+TTvlJbwJn3zXkqknlfA+tRy/ZytIY4kUnlAAoUoxAOAG+hoVxYUP/ACGqgyAnlYgdcYFJuTnYMvzvSjQsSDykUdM4wcfU05u2We9LsQCMNyxI+MUvb8xbHOQPcZoNGMeE0UF1P5Sa5RvohOnskUUAZJ+oFLPISmBLtjpimsExxv4R0pd3VxscmluTi6RqY0nG4iIQZOXA+laz+H6IR6pq9wxUqkMcYORkZYn58v0rJ987f0rc+wLSJxoOr3wsmmjknSPnj64RSSMZ/nq34q9TKkzJ/ISrC9Wa9EDIqyBWKno3rTpQI9yrH5NMLWNJ0D27mP8Al3H9acpKyYWVSffNeolBo8VF2uTQ+i/vMb8oPlT23txzDIJPrimkAjZQct85zUjYRsJRyZY++aWlvRL9z2S1npnfpysivGw3VgMGpbROG9U0h2l0S8MOTzG0n8cTew6FfpTzRbVZEXJy/ntWpcJ8MGdY2aMk/wAXLUzprYXB/wCpCcL8aCC8hs9egk0e5k2TvQTFIenhfp96unFOox6LwnrGppJj9lsZpxkHHhjYj+lW634EhvLTuL2zgvLRt3imj5gf9vkVkX4k+DP+QOxXie80zUZrfTzb9wbGdi4XnYLhDvjr0P3roJpERXPKos+X+tXX7Ze3EjuRIznII6HzqtXCBCfX2qeu3kiMh5ebcgsG61A3KDGSpFeTnfqM+oKo4YoZFVYnLNSscQC5QbGk1A6cmfinSRAR53HtUNWVsOP1GNu6bvMjA+KNKcDGwNL2qmSbAJ+1e3iqjkEZNKumW446g2RUrY8yfmkuYEnK5p1NEvlk0iNuuaYnuzIyy2J+yjB+a9L8uzfpRgFHQ/aivv0BNF2VXfbArrk5b9KcQMcjlO3vTaNcHdacJhcfukVDaG4nTtB5ixG5/SiwyiIZ8/1pOWVjsTTdlJyc5oI2wsmWnfY6e88XT6g0ZJTL+/8ApTEKufzE/FOIYizYQH5xTuFbK/8AlS/i1olLS9e1ljkilaKaMhkkTZlI6EHyNXZNe1vtb4i0XStU1RpT/gxMygAbEk4GxY461n6wug8TbCpThlmbV7bktv2ohwTHuPP18q6MpR0Lnig/+RdnWOg6FacI6dHZ2sKwRRAZbw95If4mxuT81ZNI7YrzhS6ga3u7jFuwMSTyN3QOfQMNj6edZfoHFxEwg1VnAchY3VgQD6MfT3qw3tpb3aMJEUnl2IJNaeNRm6n0YOSco249mZ9v3Dh4g1294tsLW2shckPe2llGUQSE7yKuTgHO4rEzDyeLn2Pny10pdXF3pT4tJzLEc80Mi/pmsl484ZghJvrKF7aNsmS3Yk8pz1U+nt5VTzY0pXDot+PmU17yhLMVbrn3xT+1mAO5x9KYFQpOVYfNGD4/KAPrVQtPZabK6GFAbGBt5VKRtI43dSPLBGaplvdMvU+dSMV4ZDgvt70PFvbOarssRikcHqQP4etIqzk4yQPcU1t7wLsDingulKHBOfvR8klVCLktIMwPKPEP8wFeqwYgY5m9qbx5dvE+B6YpQxjnAWQY88Af70DHbktoeIJAMhGI6AkGvTz9WUgDbIHSke8Fvg5JPry5/SlWlBA5ASx67AUprYEtAblkAABz60jJaRvsdzjzp1EW2zzD9aSkVGOCrfJG1HxUkcpWrYzmtFVQpkAUdAfKmhQL+U84HoKkmtA4HIVP1zSbWyKvi2PqFxTFeNIZFrtEPMjgZBA+n+9NB/dscsCf+nepea3Azu3yDTNoucnBU/8AX1rmm9kT5XoZyJ3gJVPqcikigH5iB8inMhMe3h+gNNpH6Y5voah0HEIeVhheUe4ogYA4Y59zQI7zYDH1pJ7fc7ZPp0qKoO6E5WVXOZFX2OKFINlTjkP1FCisn1mg8gMfSTnNJlSclpCPivXGG2HN8V6sgT8y/cVz1ui+mrphY0PNtvSwjORufrXmVY5UFT9K9D7jm3/Sp2copMeQoCNxn/NRJMA+HPxR4hzRggD60CuCd/tUe1bZfUOMbQWMNIwyp+prq3sBsBa9nls7BE76eSQcq79eXf8A9NctwqCAMnPua697KbI6X2faFE77NarMMDGOfxY//lV3wkp5LRi/luSw6LTcaTaXrjnRlPXvYyEP9d/qKhbjQdRs1YoovYVzjDYk+3Q1ZYmbJ5xt5YpypGMch28yK9NFu9HjNVt0UuyucyFCwt3BxyzHlP61b9HVhGpcK582QGlJ9FtNVTkuIkk22PRh8HrTjQtLuOHrwSrbprtljBs7qZonA/ldfP5HnRvi1+yYNrU3ou/Cdil9NEImBJOCc7j5FdQdmPB7C1STwsCNixJbGfPyFc0aNZcNmW2u7DiRuG9UY5/szU4nDqfRZVHK4rqDhTtC0PhrR7CGW6n1C7aMCeWOARgHbJxtn6elVciyKDcVbHRa+GabBpyQxKoVVGOgGK5N/wCI3fRaX2K21hyAtqN8pbfHhjBY59skV1ho/EWna/B3ljdJcKBkqNmX5U7iuD/+KLxSkc/CmghwSbaa4dNjjmPKMj/Kaw8OXIsj5Fvx8MZZotfZ85LuNe6LhsA9Mb1XLxW5t8kVetUsyujLLghHcAPjGeu1U7UVCjCP99qzbuTs+p5vHcMMfqiLO7flI+BinnMFtsE/c70gqnOMc3xTiVB3ADIRv186iWmnZU8WLjbBpbIJ2J3ONsV5f4708vTzyN6FpFyplQT8Gk3YmQkiu1douRalh4yQwuMDcE5pDfb096e3LKfLlNNWflz8UyNdHmssFGTVifMAN1zQyPLIowXvDsCfpXjKuBgEfJro97Kqk6prQF652xSw8QHT7UgvLnfalkaNR+Y/OK5rY3Cv0ISLyknb6UTOdsE0aZ15iQQfpSQPMehI9qmP9FPJL3NBxGCc4Ip3ExjXYfemyrk+EsvzTnBVfE4o2/hgKMu0hVpl5fGPtT7R9Zj0u5Ehi7yMD8p239etQ5PwfrXklweTlOMUPTBcvhl90bjJjcKHQXMTnlaIsQTn0Pka2LTdVueGba1RrN7rSpMf3txzd5beqt4T0z/tXK8b5Y8pJqd0rjDVdGctbXkqhtmQnKsOuCD71ahKtMrSwp7R07rdrb3lhDf2k0cnMgYRxllLL7ZAGfrVeksI7kf4ZZvMYIOPqMVmPDPazcWJFtdxc9q7gkpJyhP8uDnffyradMD3+lwXaSxSW8qc6lWyuKuJQkvcZ8+WOVVoxjjDhq30+/KG3eBHHMjeTD2+tVG70p4d4yJAf4fKtu7RtBl1GzjMZMs0eXSNY8eEDJ3+3nWNmVUbGSPYVnzhKMqNPFOLiQxDodx9qViuB0G1OL54nPMI+X60x75fLY/NKemN6ZKRT+pH1p7b3Ua/wk1BRyY/fPxmnEdzybZBpbX0E4pbRYFullXB2HtXiPEr7E5+tQ63222Rn0NKx3u+Senqam12xUle2T8c2ceMAUt3oRt3Df8ASKho7tSBjYexpx+1BcHcedKbvomuWycVkRM7/WiNcjPhP6VEHUWfAy5A6DOaIb8oSdvg0apE8Yv4Jc3AG3MQfcUUTp7t8VCy6ixOcCkDfyTLgOR7UWvs5rVE1c3SHI2A9M5qJmkSSQ5HL8GmTSuuSVLCk2eR+iYFLvh0DdUx8wUDYsRTaZQV/IAR+8T/AN6SLsAfCwPzRTnO6Nn3NEl8jHTFRJHENifoaSlIO+Mee/n+lBkUDPIfvRTGeXIGF+KmvlhpctBe8x1A+tCvTEp3y4+DQqfaGo/+QzRYtuTnOPWjlQR05fkV6+Afy7e1F5hnaPPua672zTrQMHOB4h7Ci92FOd1+aU5BgHIX2FAQljuM+4qV/YuSaHMLgL5H6V6eZvFynlHU56UaFVRNx96IT4iN8fFAvotKXtSQtBO5PL/rXZ3DuLPR9Ptwrkw28ceRjAwoH+lceaTZNf6laW6q7NNMkYVR1ywFdqw2hhwofl5QByjyrb/F4ozm2ec/LzlFJIc28nernvjk+WRT+BXVsfnHrTKS3UojMill/KxAzSaXv7OvMSCM4wOtbsouLbvR5ripdssltyHGxzU5ZIjEYQD9KqlnqCSYwzH9KtmjQmUKd/jOarxg7sGS/wCpPQ6Vb3sBhngSeJvzIwyKluHuDtTspQ+g3OIh1sr4mSH4U/mT6Z60vo1mh5cZBPkBvW49nHBbSwJIrAIW8Rcbg1cf/HHk3SEVWmUS04vuNHuYYtX0664fus4S4Zy0DH+SYbD64rh78cHaBPxT2wtFPci7jsbWK1V1fnJOOY5wcdX/AEr66voNjPbtbz2kU1vJs8UiBkb5FfFj8SUMN/248VPb25tbL9uljtkA5RyKxG2NsZz0rMn5mLPinSpr5PQ/icb/AMmNrv7KHxVy22m6asS8oYOSpIJGMdfvVD1cZAJGPirTxNdTF7eOQK6ImxAPn5Hy8qqWoyhiPLboDivLvjLa6PrvmZF6fF6GCRjm8z8VKX9sVtVBUqT15qbWUaSTIDkbjoaltct405ORyVbOd8kUic10ih42Fywzn8DWzszDpZlDjkLEcoO/1qOkU835Tj5FWuOxSDheJiCwbJ5yDjOTt/SqtJGz5yo/Shxrux2XA8WONr4GMoB9vc03kXmH5w2PKnc0RU9BTOUA9SBViK+mec8iv/cSDcvTIo4UsDt+tJ8q77gmhjPXYUejKmz3lCncH716rjpXiw5/+1HYco8LGi1W2Oxv29DeYZ/7URQRnFLkepzSeSD0+9EmuinNU7Bhj54rzJBxvXrDOCBQHoalpXYLlSPCcDcH716DtsSBXhQA7A/SjBCRuPvQySE2m9sSz4tjn1oxZMAkkGvGQqds4+RRhnG4zQV8BxejxT/BkVPcN8YarwxOj6fezQcjBu7Dnu2P8y9D9qgSwz0/Sjx4J6Y+aYm0DKMZKmdb6dqqcZ6Fp+oWkymN2Duz4JUjZlYDofb4rFu1HhiLh/W+/tQTZ3ZZowIyoQjGVHljeprsx7StD4J4LmsXtr3VdbubtnS2j8MSAqig58ycHoKr3aPxrqHFNwsUujXOnw25IMBUsQ/qSUBBxjanSacasoRjOM6itFNnjJIyDj5prJCqYz1PrRkuQwwBv/MaLICck4Wql1oupN9hFOGHLil1Jxkjf3pqSM75PuKCvv1P1qUhqbWmPlONzgUorI/7o+lIDk5OmaNFyb7Y+tRVrZFW6HUcrLgIuPg0s8s3L1bB8qbLgbhgMe9KiQPsWxQtLth9aDo4YHmAz817zhQcik9h+QB/mvDckAqVFRxTdkbXTDCUM2GNGaMEbEgetJCRScY6+9BjIm4Xw+2KKk3VnXa2H7vl8+YfNEICkEAD5pIkkZIYefrQUcx6j4aikqBug8g5ui4wfSvVjA6gt7DNBVlYdVx7mhgg7vg+1L0+gqQFlVD/AIY+tFllaXYEr9aM7FRhsH5pI5bGCoqVYUZUGCsB/iY+lCvA7j98/Q0KVyf0Dxj+xE+gG1eAAk4Az6mvSFU5WitzFtiPtTHvo13+g3LIDjnGPQUoE5eu/wBaIseBnoRQOW6uQPaiObSWxwquV8/piveXlHiYj2osbHk8JOfijgOwGV5seRruP0FGSotnZboq8Rcf6Bp7Bist2hbl3PKp5zj6LXZk/B11EM2F13q5/wAK4ADf+reuU/w6Wf7T2t6MZIuWOFJ5CVIBB7lwP612hFc4OQrEZ8jW7+P9t0eV/LSWSSvRS51uLEhby0uLf+dv8M/5ulM5+WU5VlZfQbmtShlWVCkuGVhgqRkH2NR2pcE6XqP95BE1jOf37cAKflen2xW6sqftMBOSe1opmmQsrKQuM+Rrqnh7so0W87GtL1+ETw6tI2JHaQFWPOVI5T5beRrneXgy/sJFkjVb6FTkhDyPj4z/AEzXRnBvarw6eyzQ+GBeNYarAxW4tb5ChJ5yRys3hO596K+coJfe/wCiZ5Uk9C3C3Blxa31v+1KgiDAhxhsfIzt9a6V0e1htNPhSFkkVR+dTnP1rMdL1Ez6dBE6CKVWL86qMyZ3HMSc7e1XPhNLoWTzTuveO2RlznGPMdKo/lVKWP6SfX2L8fJFT9yJ/VdQTSdMu76TAS2heY52HhUn/AEr4ece3U/EHG15MxIdpXKlTjPMxbceuTivrr+IfjC54R7HeLbyRI8G0eCGRWK4L+EZz818j9CC6nxHJL/iKrnfYAjoDnz3rEwx4YZOXye6/AYvX8uMl0uyi8UW8tlfdzLG3MEHn9apuonEzFlweuOtaXx7EP+Z78NyjlKry4O2FAI9OvpWd6pl7lgPCBtttWS01Jn0L8nFyx2M9O7x7qMAcy8w2BwamOIiXuVXu+7VVA3GCfmkeH7Iz6rbqE7w82cY5qkOI0YayInjw4VQQxIO9Lk03oq+FCX+PLl8skL6SK34dsrZGDkIpxnoSMnIqoXAkQn94VYNYie1VUDoT1JA/Teq7cLIOYlgAPfBoYty0zS8+S9OME+hjOz5Pl7Uyk52PQ05mY56nPr1pBmJBBJ6ee1OilHo8T5Df2IiJs5Y16XK7KwPzRwcA5wdqSYBm2X7U9KzOb4LZ7zOR1BpRObHSk1jGdqXQEDAGcetR7fkPGnLbY2dsHFFznyzSkisrbgUXmwOldX0VZ3bC8uN8EV6DkdM0OVm3xXnJg9cUaje2KpvSBjf0ob+dARk+efahhh6VHC+mK3fQoIeZMjf2ApBlz71KaREJp+6kPhcEDBA3qOkhZHIOcjY71yjx7HdLQRVB9fjFKRpg/lNCKCRm8KsaeC3aL/EUoR965JXRFDzSp57G5juLV5Ip4zzJJG2GU/NSvEfHF/rMMCThO+jZnM6rh3LY64+KitM1NtOu45kRJShzyTKHVvYg9aaXRMtzJLgKrsX5E2C5OcD2ruK+w+NxuI2kMjMC0eMjI8OMinKxvGAGjKH0K1JavxDecRRabHeFZTY2/wCyxMc8zJzEgH1xnHxXUfHnYja8bcK6PcWawafq1vZRhTGmFmyoPIwyMHOcHPWhcLVx2K5qLpnI8mSNv6YpEDmO4+9WHVuH59Gu5baeNop4zhopFwyn3FRbabNJluTIHXfFLUkE7XY2XAwP96XQMPMY9hTaT+78JBU9NjXkcjDcjI+aLs5RV2PCwA/MfWvO+B2wM+9EjCuMgDNesQp6bfaho6XJ6FldxuNq9LqBu3MaIhJH5sf9RzXhcdCPsKilejukGUhm8wPel+uwJz7jamyMFOx296UDDYhgPrXNro6NixhfAyykUkY+U/kOfXFFMrE4O/xQaXJP/eoavsFvYp3nKNxvXnfMdv6CiC5kXpiiFmkOcgH1Nckl0TbrvYaVyfVvkUksvkENGfOenN60lIFJyNh6UaI3doXBP8NCkPB7/ehXchyUhdiR0I388UTLk/m5gfanBkAByq0YRM3/AMLG1C2/g15Rd6E4omIJwzY64oBCxwRyil44SDszA+gNeyJjGUJPua5Le2BJOgRryDGR/Q0osXN0YivIwx25RTiOBifyj7VKGR62aV+H6Y2XH0UnMCot5MjHTbGf1rqiz1aOQbvg+lc1/h50YalxHqTtA8q29plgq9CWGP6Gt4FoI3xEsiY8sZ/WvUfj/F9XG53s8j+Vall18FztrqM4OQamLS5VgN8VQobua2XzwPU0+suKOVsSdB/CauzwuH7MRI0i1dWx4jj5qTGmWWqR91cwR3KHykUN/WqXpWrwXGOWQg+hq36VcqcHAPvQQnJPYUo6on9J0zVdIAOh6zdWIH5bacd/AfblbcD4NazwP2l6zo2niHiLh+W5twxP9o6MDcKo2yXi/OAPbNVDgvSpNVvIoVyxYjAxgD3Jrofh/QY9Is0QKqyEDmwMb1Hm5caw8cu7K2PE+ejkz8bfa9omo9ixs9N1OG7lvtQjia1HMkkaqrMedDgjy64rhfs6tkn1LK4Vs5XGPEAN67I/4lkdpFFwtFFHBDcOs00jiIc0m6qOYjfzOCc1xLwPLeQawv7K4Mh6qejDzBPlWLnlieGHHR9T/wDScI43LkvcVzjYMOKNWY+dy/lvscVQNTbM53PxV04j1OSbWtQkmXLtO5ZeXGDzHaqTqCB53byJzjFYzmnI9P8AkMnOPEnuALBrvWCCmAIyQ2R1223pTX7ZZeL5LYxcxWZU235vfaprsZt+fWbp+VyVi5QF3zk+n0qEnv4IeN7m9mYGNLl2YjcE7j+tC6fZb8eOP/Ehy1bEeKbSSG7bKckbKMcuAM+eKqE7qrkd6QferPxnxJBqNyjWrB1C4JwdvbcVUHbnYk/0ro49mT+Y8rFCdY5X/wDgSac42bm+KTVS5JZdvmjSMR0FIs0gJwT9asKGzx888sjtijRr7ik2kCHAyfpXh58bg/Q0TlPU/rRcK+RLm6FEkXmGTyinkfdyL15qjeXO3WjrzRgEHFK4fIyGTiObmDzC5+KZd0Qdxv7mnK3LdGFEecP54PuKJOjpNSdtiJDL1x9DmvR4qHMd9hj1xRh+vtR8voXX0AFgMAD5o6Qc3Vhn0xQTAOOXc1I2NsznPLv1GBmh72uyFFtWH0a3T+0LdJsiJm5WI6ipFtLj75udBKMkAMxAotnact3GWypDA5HUem1SLpJhmYZHqR1o4y5aIkxqkRjBClYU68q0wnj7wnPMfepmK2WVcsRvXktv3fVMD4zRuKi9lzB408sOSKlLEEc/7UpHHzo2+CB5081G0AfmGfrSdtbhuu49qTJW9FTi4SpjFYjzkl/pXSPYx27GRLfQ+Jr9YwiCO3vnAHQABXP9Grne/tVhdQW5eYZBpKAmF/zc49yKPG67ZVyw+ztjiTsm4e17Uv7VvbCUyHHeXCkhWGNiwBwdsb1nnF3ZhpelMx05TLA2wwASMe+AcVQ+Du23X4l07Rb+/jOkq4QzXUJnaJM9M8wOB+n0ra+LQv8Ay7cXNlcJFIsffpJE3OrqN9h6EbefWhzYFkXLGxcM8sP8lZzHxZw6ySGTue7xtzdAT/vVOkt3icgr7bmtC4t4xiuYTCkeZubxhs+HH6faqDdXTXDHmUE+RpOJaHc+T5SCIwRfEMEelem4HTux8mkQmd8Y+DXvKw6ZxRsenoXUkLkAfQ0cSrj396QTBB5uvlvQCED82fYVCi+xY5Ruc4JVfmvWOOgB9xTdFddwcD70t3j8uGT64o6TVoCKvsN3o6HP1oyuo3Bw1N+Vl/8AtRWBO2P0ruKewv2ORIXO+Me3WiOwBxufikVhwMk4opKg7Ej613FfBKiuxTDN0zSbOEOD1+KV5RyA9TRe7JJyDj5qOJ3SCczEZ5f0oUuEUdVY/WhS+K+jlH9ku9rjoOX7UnyFdgA3vTqcFiFA39R0ohjaMbjPwc0LUmv0ejnFR3HQmsTYznH1FecjlvDnPvTiKJ5ADyMPkYpZYpB4Sf1onG9ld2+hGOFmIwAp+9SltZyCMOSGGcbCiW9kSwwCM+ealIk7kgFiB54FRF3pFnFjq2zqr8CejR3f/N11LGrIot4cMgO+XY9fpXTuqdnuj6orFoDE5/ej23+uf0xWGfgdsFTgniK8jPMJtSWP8u/hiU//AFCunIlI8yPbFe1/HQ/4V8Hz/wDKyb8mSMo1TsRkmy1hcIwx+WTOc5/886oWu9lOsaLIGe0dwTgsinAP2rqKCMncDPzUjbRc2QwUqRuD51q8GnaZixyO/cjkHSdMne5SAYSQty+KuwLjgvhpr21truKOPureOLmt4iviwAWJXGfk5xTK+4F0TV5OeayVJf8A8yNeU/7fpUonD2o92yQXEV2pGyTs0bD03XIP2Fc4xv3Ojsma3SF+Dbmx4X1eTuIv2+JvCHzh132I2AP2FbRG/OgJUqSOh6isW4Yt73Q9QSXWLCe3jU8xnRO+jTB8+TO2PWthsdStdRthLb3EVzH/ABxuCPr6V5v8zGHOLhv9l3xJ8rPnj/xHtaOo9o2n6erxtDYWSK6tjIZyWJB6+a/euc+yrRi+sPMFUQrE8js2QQApxg49auf4tNdbiXto4puS6CI3zRKIySSEAQeX8tG4A06PTez3iDUJiOaHT5iFJLblSAQfpWdma9uJLpH038Dj4QlkfZzpqEfOHPeKhJJyQDVSuWbvCNn90NW6+kURZiUAgb4FVWc8zkgfTFZfFKTo1fL2l9kzwnxNLwybi4iQM7py+I1Ub6+kmkcuWBJzk05lfPVNh6UkLVZj559Ca6GNt2zE8r8hN41hi9IYojSbh2Pzv/rRWD9AMj4qatdEkuZUSNCxZgowCd6vuldlN01uf2iEo7dAyEY36nanPiujFeSUtNmTBW28O9eSWbOucHPzWlXXZ7NDI3925QH+HB/U71HHhJ0kwev8PnS+XHYUUqooS2kqeX3oPaydTkfSr7Pws8S7xkA+eKjptAlXOIycVyyKQvg06KgLZydnIojW7L1PNVgn010B2x7YplJYsRuR770Vsbw0QxB8wRXvKpHU/WnklovtmkTA6dBzD4opSTQmmhuCAdgDSill/exS0UIJ8Xh9qew2cTkeZ9DQt/YyEJdjBeYn84P0zUnZOYhnmx85pQWUabhMUtGwjIAXf3o7S6Dtt7JLSlF9MkZUc2fXy/8AM1ZrXTpljCxxxhV/iGarlnL3bRnu0Vgfz5I++Nqtmi8QSw+CRSfR0G1FFRltsCcZcLSsq+o2ssN4/Oyo5PSMHH0prKs5bws5Hqaueo6lpF8BzMzTAb8wO3x5VAalPa25BhkFwOuMFcf0pksdK2aPi5Xw4u4kDfxOYcM6hvPI3pCyjWRu6M2CRtt50lPetNMxYZJPQHamsxkGGCED2qm1JPRVyyt3INqNu8LMsmQfLbORUbHExfOSBUzHqZkTluOZwBjfqKjZnCyeDLedT09lNyt0LqXUDD/pU3pXHGs6TaNZ290xtSCohk8Srn0z0+lQiEsM4J9s0N13VT6705ycUDNKXRNalwnqg0Ia9PGEtZn5VJVsuSTuNseR86rXcSufyVZ4OLdQThibQWImsXmWcKw5jGR5L/CDneoYy/yn4Jpf9AU6GhtZB+dSPSvGh5PYU4Lc3UHrRcJ+8mRXV9hq30Jqh5Tvn2xRQq82Dt9KW50IwqlRXndKTkYBPXau67CdniIB+VhSxjznJPT0oqgKN2Hxij5JBwAPemQS+BcU26EmTA8vrRcMCcKDSyx8/wDNXpgYHwoceoGaKNW9HLT7GxWRjuOUfOaBgwc8zfQU+jtxIoOc+uQKK0GD4Vz71FK9A8GtjdYmxkKW9sUfu2HWH9KcqrYwWI+teEBcAjm9xXJXdDE9CIwP3P6UKdrb8wBAcZ+aFRxmFcx48DIRzR5z6V4Ac+FQP+rNSMjtzBXxk9BSTRyI2R4AfYVWi240z0maSitMPEmR5H4r0pjqhzTi2g7z86qx9adPblhgAfO9DaT2xUncU7EbOItIOZ2wD+UjrVhhhV1C8gwPXyqOsoFi/OTISc5Pl7VP2duWUFFQ/Jxj9K6nF3EveNNKDvZ2X+Eu2/s7sqUhAvf380mfoq//AE1vVtcBgNz9qxT8OkZh7KdG7wMrs0zcvNn/AOIR5/Fa/Zup2JIr2PhTawqz5v8Akqn5MqRYbWUYxmpa1ZdstmoawXB2HNVhsoQ2MkL7VrQzpqmZHpP5RI2kaSEb4qdsbVI+UjBNMLLTi+Coz71P2elypynP0IqpnyquxLivhEzpI26YA9qc3tjZMr3E8EZaNCxl5cOAN9m6ihYxGJADUN2maidK7O+JboHlMWnTkH0PIQP615Gc3LLpmx4eP/j2fJ/tNiiueML+VGYrLcySgeZyxIyTufrVshjutO7F+I7owZglTulfIBUHlXGPbmP3qscTKbziKAPjIOCQPD643+a1XtAhi0z8OkNqYuaa7lQ588GQsOnso9ulXmvUz99H0r8dJ48K4rs441azCwNysc+nXNVe4Vh0LdfSrrraFVIVGX15sdftVVmt+difyn161nyklJj/ADm001ojYosnxEfWpvQuGJuIL+K1tYjJK/QDp9/KvNO05ppkDKjAnckY/wBa6S7IeB7XRbL+079UjYYIdyAq+/N5dajjK9dHk8j4yvslezfsjsuG9KjllTvryRfG8gAKfyj79fOpHXtFtYXKFwoxthBtXvEfa5othC9vpkj6rdj92zjMgHvzbL+prG+IOL+KNVuGeNf2FCcgMQx6ee1WlCo8kV5SblpFs1bR7dI5HyoKAkODj9KoGs3EMalg2XHmRvVQ1vVdavXJn1e4KhiQquVTJ67CoNrSefJe9d2OxBYn+pqjNKTLmO4u6LFPqcbMSzEn3NMLnVYwNuUD5GagbvS7mKIyLKSi9cnYVFXOnzJkuxBH7tRHCo7TGPLF6cR7farC7MI1y2fIf7UwN1IwIVAT715byJG2GGfpTz+0LSJcFMH1oU60BF306IyaB5dzhD7Cm62so/eU+xNSjXsUhPKOcevKaKrwkZOVPtU39o6UX2RLxvCcvH9RVi4dC99BMU8PN0xSAjSdcqScfxU70+Z4u7BRuRG2IG3rQZI8lrRp/jpqPkxUtpl2L2j2c6Pp8M8sg8MsiAlPjbP61Sbp2imdUVV3wRygVs/DumafPwLfXs3dGZpHRebwtnlGAAM43zWPapH3Ny45VQknYb1HGbSTPV+dg8efKUY7EngnjCmRWRiOYBhgketIOsoByBj3rr/sa0TRe03hXSdJ4os4buOO0UQtJlZI8ZB5HG4Ow2yR12qU7QvwdcI6FwvrOuWupayqWds9wtuHikUkDYZ5Acf+ZrSWBcbR4H/Ihim4nFMKB3HMT74o14FjVioyvlk0/wBShjt3xHgKPM4zTOdRJbfmMf8AN5Gq2RtLRZxZ7kV/lDvsoUetGlTlGAQ31pKQcsxBPn1p53PNACA2PUDrQ3rZnTe2yOMfUnGa8VQp3A+m1LlSpPp70rFErD8o+QBUtUrQlfaPYwXj2O3pmiMCnqPrSyoUbC9PpQZehwTQtsaqQ0JbBwWx8UiZMNgiT7U/cDH5MU3YMG2OPgUUUntIF6AgaQeE4HuK9Nvj8xBPxSkYJXqxoxUknxH6iuV7IStWxIRDHhwKOkIwM5+SK8ZJIyCF+4pZA8ijOKaoEquhBo+Vt3Vh6Yr0Kp/dK/FOlgCjOBn3FHVObrioXegU1F7Y1EYA8Kls+dHjUkEj7E08W1DDrj2Ar0Waht+b6DNGle2jtPaEEgZvynf4ofs7h/EQPg1KxWa8uEdvfajHTgW2djn1U1K76AlpEasHKCFy2aMls5OGAqX/AGIR7Hz8wMUdrMBAVBbP71HKFKyFKiM/Y1IHhB/yihT82kvky/U/9qFLUcg3mxw9uQeZgc+pAoy24cZC596lGt+8GSmT6AilY7eNCASAcZxyk4+tZkcra2j1UsNDC3t5eblVeYHyG9PY7A5zy8p88insNu5PhyV9F2qUs7MS4Vhn5GaHkk7YhqC9oysLMuQFCk+oqyafpTSHwxjm9gf9qXsdMkWRQmHHQAda0jhPhFby6VGJIfHMCMlf9qCU6d/BMKVq9m09jM93YcA6PA8auqxsQchju7Hy+a06zv16tER68tbtwZ2M8L6Twdoti+lxSywWkatOQVdjy75K49TXt72I6JKWa2mntyRsjEOg++/616rxPJ8fglJtHjfIUnkbqzKdM1ezfAN0IW6cshx+tXbQ4nnAZAs6/wAQO33plqf4f70Fmtb62uBjo6GM/TqP1qFTsv4l0KfvIbe5hdc4ktWyfpyHNWouE37JorSp9o1zTLbAHMvLVjtogF2NZNwpdcURava2UtzKY5Hwwuo+YqOpO/i8j51oMnEV1YXb28tvHc8pxzRf3f6EnP3FU/Lw5W1Fb/oXGGPssajArN/xF3hs+xziFlYqzxpGMdTl1GK0K0uv2qIP3TxA+T4z+hNYv+LXWUsez21sQyGW7ugRGT+ZUUk7ee5FZONVkXI0scVpI4HtbI6jxCe8YvGxLc4HQf8Am1ah+IDSZNI7JeHoEhZS80alsnm/wmO/puaqfCVik/EroqK+SQEXbBJxWm/i2kX/AJe4dgXkRf2mVsLgFuVAPT+ajjmqU3E+leLg5YIyj0cQcR2vImwAbmxiqrJCTsWwQa0ni+1/92iPd8+56npVOSzDOjuByMdvDjNZsMnfIV5uO5cUtivB2mNf6xaWoOO9kCmTbwD1q1a3b6rNqUEV/wDtEumi6EAuMN3bgMA2PLOB5VFPbQaXfgR8iOACGIyAf961zg+Kbibg79ijiSSDm5XdwQC4Ocjfr06VbWXWjyvk+P6WRxfaJO406y0zTBBZokCqOqnYrj/zes+1fiLh3T0lSdnuJwhZYofP0y3QdKtt5pF3Z95bX0sqIByByjMjjoMHz29azjiuCHTpmhtSnfdeZUxt9QDSuUn2Ufanpmb8QcRJeSOtvDyoD+UEHH1FQcc0jNnLZ9MVa7yQ85EynH8tJxPEF/u7debORLI24/yipTS0izGVaY6sLP8AZNARrydYReTqVDDcKm5JFOtd4RvtYtv7UlkVFm/w4cYblA64/XFWDhHhOTVBFqupRvcafbnKEkCM77j4yPrVu4zv9KutPjgsXPfD8824Oce4+d6dKuOiuoLkcxXlk9rIwdW2PUjFNVlVf3Tn23NXbiXT0S5xlfFvzEjBqAl0loR3iSr9DSk18lqGJLZFKYX/AHWJ+tLpEQPChA96eRx4AAP/AHoOP5iPiok3dxOcEuxKC8eHmCwrlgVJI8jTlLmOOBIyoU8xY5OQT/8AYU3SA8w5XP1p6+nlYBIT16HyzUqTa2FgyrHNSrZqXAWn6Tr/AAtPcX+tJbXEEpUwswBC7cpI679NqoGu2yNqcvIpKK3KGJ6j1onD0jxXscajJlZU/X4pzrSNBqU8bYQq2CD8VDbtNHs8OeXkYW5HVf4buxniztJ4E0zUuH44NQjtZJY5IzMsTqVbOMMQG2YdD51tXEOl69pejX2iarHNazzW0kJt74EFsqR0OxHxtWBfg17Y+JuC76/ttH1HuraWRO8spoUkim8OdwVyPy+RFfQrS+0PhztJ0U6dxnptkhIHKkisysT5qcZjP+bNayfJJxjo+beX7MkmfEa/jMMrxyoqujFGGMYI2I/SjIIpNNlABMinO+QMela5+LPg/hDgbth1PTOCtTk1DRVQORcZLwTEnnjLMATg/asy0SJb3QdZV7iCFo0SVEb802Mgqp8jvQSxturGYsqcLKPhBLnJbJ8hUjFhrfYYHud6jpoBHNhZCPapTT0BTDSFT7YqjKCW7GRknpEfLyK24zv60eJA42jxTi6gCv4QJfcivYYmYbDkPp0oqdWmJcuMqaE441U7Df5zRmQEbg4o7I6ncg++aTIGckg/NLio/I901oRaFBuH/XNJsp2x/Sn4RWUkALSTDkJJH1ApyaYLQ3jVyfFj7gUsAM7YHtRlPOeh+gpeMGNuUgr6k1E27sGuCsR7pCMtgfWjpGp6b/FOQiE55s5pSO35iPApHyaNO+yE18LY2W33BG49CKcx2wYDPKuaf2tgc7YH06VJR6FKzhQwbPpk/wBKJCUnJ20Q8Fjkkg5yMb707jsXyAVAFWfT+FuYrzSZc9fCce1T9pwZITytC8j+pUkUafEfw+KKXa6SGXZct7CpSLhsT/4efrsav+m8DTMCBGuPLK/960Tgzsd1XUZF7vRLy6YnZre2kYj6AVdxYVke2UXPjqSMJtOC5blwqRs5z81Lt2e3ltEXa3BQDydf967g4D/C5qmpmBbrRbqxiDZLXCGEDpg4O/2rYJ/wb6BLY8qXrR3JABbuyVPsRzZ+tX5Y8ONJZZJX/wD3wVFlkpaWj5VzcOwrIQ8GG9CRQr6Jar+CXVprsm1fTBCBgFriTJ98FDihSvSwfE//ALHf5M/+p83YrVpCM8zD1A2p3DpyNg7k+W9OLFkTOwAP8IxUpb26SnvFjIIPQ14tZKe+z6LJv5G1pYyFwq43PQmrBZaIWZebkU+uKNp9qXwQioM7gjerZpenK/LkKvyKiVRWypP+OgulaJGHQjGc++K2fsw4daXWLSMoAGlRcge/TFU7QtEJuI+Vebfoa37sd0JpeJLFCox3qEqdydx03qqp8va2VYK7bOy415I1UbAACvaGKBrZXSPNydybBQoUKkW0n2AhTjI3FITWFvPIJHjVnH7xpehRqco7TA9OLPFUIMAYFcvfjEMt3qOjW+MQxW7OD/MzYPl/KPOuoq5s/FKBd6pAnPnu7VVKAA7ksR7+lLlLiuRe8ZL1Ecw9nkC2fGlo8rdwvP8A4hGeXDA+nt/Spz8S+pprK6HGJllMfesO7wcZ5Rv6dKmeyDQ1v+0XT47iENCokkdXGQQFJ/rimP4mdKs7TiazitoViXuC3KGyASxGw8ulVVJu2nR9K8bLH/G4HMPE1sUVFWUs+M8pGRimnDHAmp8V3rRW0CMIhzySO3IiL6k/7b1N6za8snN+ZvMjFWPg2/SPhq7tVLiX9q7yXkO7IVCqCAdxnNIUq7KHkZ5RboRg7Er2TXVmvLm0ubN2zI1uzCTGPdTk1p3AfDB4e0ptNL8whmcqcdVJyKPqEcWi6ZpQiuVtrhgXmJBfbpjHlUnpmox3sYuICzQFioY5GceVWOV6R53yJyyyuSJ+K6ksUCRuQPYYqi8Y8B6fxPctdXAbvXBDnnOD749avAKSpkjG3nUPqsGVPKxGfSruPI1GmZE8TUuSOdeMuAbXTuVApUx5ZjjPMMen0rP00iK5mCrHzDONl/710rrHCg1pXErtkjAOOlQUnBOn6HGXdwzNsWI60v0uTtFuEklcij8Ua5I/Bltpmm27xtHGsYCxZUED82B9TWStZ6/pswmuJ55V38MjEKc+o/0rb9W1Sw0wthioHXk/71mfFPE9rfGUQo0gY452U9BUPCntuzozTldFE1m3u73MsqKM7dc1AMs1tkBFA9SanNQvOUExL59CMfNQ016JDiSPFJWnQU5Bob0ofEN/XApwZO98h9Kb9zE6goCCehOcURI5YznKgeozRybq0H6iapjlISrjLnerLHCr8PTyNleTAVsA5/75qvW3M8i852yNh51eYdIeXhq/YjKxxlgGzjPUYArode4r0vggeFbOW41S2kW2MxVywGDkkDOw8/KlNeeU39x3iBZS55gy8pB9MVI8E3baC91qffRJdRoUijdgzHPUhfL5z5moTVdSe9vZ55Dh5XLt8k5NQ5/o9f8AjL9JvIaN2B61NpXEF2sRQXDrG8e25IYg4/8AVXY/DfHzXC8t3aMp82WQY+1cW/h/0mXW+0KG3gY8wt5JCc+Qx/vXZmkcPGGDLRqhrX8fnNLijxn5eMI53XTONvxNzrfdqGsyPEUkaYSB8Ac6lFIJ98Hes10K9Wwjuk7sSNcRmPLHHKD5/Nav+K7TX0vtRmZVytxZQTbgDPVdvX8tYtFOwO8YcDqDS80pRkK8XEn+iGnJjuGVhkgkHAqX0ZRcSsjKPyk/mH9KjJwRKS3Q7gZqa0K5UXMKk+EtjlBGaqJyfYVU6Q9GgCU5BwPvSycPsgzy4x55611Rp3ZLwrqNlayLZu6yIkgYXTnOQD5Gp49j3C0No7rYMAq55WnkYHHrlqhykujmoLvs4g1aB7acRkEsRkBTmmtjOvelGUk+jDf+taF2y8Opw/xdPDBAsMLuzRqjHZdiP/mFUKM8sy8+QAdz510WvkXkTH8VnHdsAqFSfcivbvQHjXmTxnGSoFWLR9Ntp7YS8xYdAGyKdNbRopWPlx/MaJyjegkqWyjRwyo3KI2Vh9f9Kf22nyTNup+4p1fwFbvl2IIzsaVtowZFVco5PkaO7V2MVNUxaz4fF1cLGkgDEE8jLnPxvUinDTSDu0CAgZO2+1ONNAjBLSAMpGMHr6/+e9TukRvLdpyAlWBjOAAcEY6+VJT+bHqMUnocdnfZ/HxHeTxTXAi7oDAC55ic+fl0rd9V7BOGuHNS0eEazNeRXk8cdw7ckZiRip5gQCNgSNwBkVlPZ00ml6+YiQWGM87EnIYD9Pf1rZOMrovFaT8+TGAhPpjp/wCe1WseSC7QlQk9ROlOCPwv9lmnHWtP1CwbUZtPnjnjupbx+Z4CAP3Sq4GTkgVtOmfh07NtICCDhGwflG37Tzz/AP8AYzVzXwrx93kcF/LKX/bLQRy8y77gevuPSt27PvxAaNfcL2yak8g1O2TupkjQYYjYEb+gFWMqckpYyg5yTabNN0jhHQuH4wml6Lp2mqDkC0tI4t/XwgVLk1j2t/iIsbcMlhZPI/8AFMRgbegP+tVGft/1i5LDKRZG3dIAB980iOHNPYtzidHNIqfmYD5NJ2l9Bfxd5bTJNGGK8yHIyOorly87XdXuR4rmQgDH5t/vU12Ndstlo+qa5pmu3sdlbuVu4JrlgoLHAcZ99j96ZLxJ8bTtlSeWC2zo/I9RQrM7r8QvBFrO0Z1qOUj9+AGRT8EUKT/jZn/q/wD4K/8AlYP+x8i7CxaIAyDLHrjy+KnbS05SCOYj4xRLW07xt1xvtU9aWpjIHLkD3rzs8vLVn03Ik1ti2mWCuwyjf5qt+k6T3jAcpA9hTLR7UtgrFnf1rQ9C0ot3ZCjO2ABgik+o+mVcjrSJHhLh1rqVRHGSRnyrqPsk4EbTruG4eLkjjIdSxOSaoHZdwsb+/jjVcrsCcZxn2FdPafYx6faxwxKFRFC7ewxS4cs2VRiypnyRw4/2xzQoUK9H0eeBQoUK44FChQrjgVzz+IWze71eR+YrGiICT0xjp966GrEe21Fa9ZgR4lwSNyMDf6VW8iXGBpeArymX9iGjBONLiZsMIrNyvpkso9fc1nn4kHe64zh5+YiO1AAB8i7kVuHYtppkn1ueOMFUhRSeucknH6Vhv4hbaU8e3ayoIgIowCrEhvDncZ9/0qjjb4ts9nifto531qDEjcw5Tnr5mkuFdbTQNaBuDi0uUaCQgEkA7hsexH9adaxziVg4XAP7uKrl93Q3JyR0yalNR21srzdPZvHEvD93xDp9jNYTJO6RBSquFEi9Qw8qecLaFrGjaUbK8khmVJGkj7rGFU74JOCTmsm4G7Tm0JorO/he+05NlCf4kI/lPmM+RrQeJO2vhxdJlWymlN6V/uw8DbZ/QY96twqW32ZWaOS6irReLCWQ+EkH4NGvocjdeasy7L+0gcQy3FrcORdRNzA7eND0Ix9a1GO7SVMFgTTYtJ02Z2bG49kFcExjZCN6x7j651LUtQNvZyBG5sd5jKLuR71s2rMSpCEZqk39i0UjSEc7E78wqxz/AOpTe3Rntt2dWUqLPrGqSajckA91GndxKf6moHjCx0+GJ7W1tlTkXmXIx9h51etVaQK3JFhvZaoev2E7pJO/QdckZ+g60DnKK9ui1BNdvRl+pwBGbMYB9Av+1Q01vG2C6cp9wRVm1MlMthxk7cwxmq/cSSEkgE/IoXJz2+yyly9y6I+W1XIK7AdAc7UrbqMgFmVf5RmiTvICW5ST6Cn+iaTc65drbxRkSsQMEE9fYb0Di5tJFZ8U/oV0nTn1PUIreNZuZ2CqSNic+Vdcw9i8fC34buJeI9QjMHNaf+7CRcMxOBkkeuRioL8Pv4dLrVuIbO+voXhsrd0eWWVCMYOTj2261pv41e2DQbbgSw7P+GryG4uppka4jtm7wRQoDyqTnGSSPtVzHijj3Mreq5TSRwa5xKyq3Mo8xk0yllKE+En1xUnczyWWrXBMTcoyDGw26evzvVblmfvDlmb3yKRJJ9HqMeRRjTNQ7AeLF4X7VdEvCMRMZIZf+lo2H9cH6V21Bx7bXcfMsikH0r5xaNqclpfwOrMjBtiOtbloXHNzawx97N3vKgAz1H6Vo+Ln9tM81+USnk5p2Lfi7lGo8VaLfJ40ew7rGehWRj/RhWCQCU7IMZ960jtj4iOtwaXKpkaSPnRttsHBBrOra5j7v+8hYtjqG/0FI8luTuiPEpK5EbMSxPNJlj6060eMJdQNuzq4OAMg79KayCJW8Iz8jJpeyumhkBVN/RhtSVpWDLvR2xwRxAz8JaQwXAFsilVHTAwR+lWNuIWntJUWAvlCN/XHWs77Nb2c8HWSLy8sZdAAB/Fnr9f0q82EE16hwTk+1C9bYmPJHPHb5avcahHdzQtzEIS42yOXG3/p6VjUsK9QOXH8RNdEdvOlyppSySlnRMZOAcYbHpv+asAVDylov7xc74TGKCMoy0HKK7ZbtAZptMiYAuAuDg5xR5bfKF484HmSKT4VuAmnyRle7wxyAPzZ9R9KVubkRPlebPlkbfbFLe5WlsmMl0RerK57rLMxAILEY+lEtIi+/OQR9c05vLsTQhWjXmz+YDrSVsvdJzElSD0HSrafGIyM4x62S1ikmBzEMPTOKsGlhjJG6o6hGGdvLz6eXlUPZyFpAsaoAdgc/wCuKsmnQMY8bMeuA2f0qt6iT2i3DauyXhQ2+vlgwijlOQ6A8uCB5ZrdLmz/AG3h62nS2R1CKykH1ArG2GFtpAwLgBsqMkeldA8Dj+1uCLZCxLKjIoQdd9vPON8UqTTWjl3SG3DV9cSaTHEsaExZTdvfapLRrm9j1OVVZQso/KowQfn/AM60hw7bCK7liIBDDZBsQRUwYf2bUreQIQoccwJ8um1MxZ3VNmfljvSH1xaXHLztK2fY1FtFO8hDSlVHqM1pMfDrXNsO7iZgRsfWmadnd5dv/cqTk9PSr8cnHZWcEimQ2mfyTyHHXLVM9n9hY23aXocmoW8N/ZzyG3miu1EiMXBVSQwI2JGM+lW227JNRJ/vJAu3QA7H3zikdU7PLvSClykneNBMreHYrg7HPTrirOHP70vsXmxKWOUb+Df14J0GEcsWjaRCo/dFnEP6LQqestIka1iZ7dQxUEgsDjahV95qdcjwb8ed/J8iNPue+TKBiv8AGu4/Sp6yi8Q8at6jG9V6wnUMA249tqsGnsOqmPHwRXg3CP0fc5NPT0WzRSFcbAb/AHrStAkDlWDem5rL9JnRCA7Id+md6u2i3YWRAG29KRkiltAuEa0dM9lGrrYSQxswyTlickfNdBxyCRAQc5Ga444Q1hlvYTsYwclQDj9K6o4Lv/7Q0sSZ2GOUZ6DFd4dwy/2Zvn4+UFNfBYaFChXoTABQoUK44FChQrjgHzx18q597W7/ALy8nXJ5GYhRnbPx51vWoSGGxncMEKoTljgCuVOPNRSfUC25OWGAdutZnmKTaro3PxkdykzR+xazFrwxf3Jj5mupcZY4HKoIH9TXNXb1On/tI10nxBCi+vSNdq6B4E4o/s7s/LyWU/7PDKyCSBAQ2T1656muVu1vX4dS421m4ClUkuGI5/C2Om4+lVIRmnpaPV4Yenyl9mRauxZ23GSdgBVW1FJME+ECrHrVwskr4JYZ2PlVUvCzAhm5h5gHAq+lroqTlbaYziHjwc4zuRSV3yKx8R+tLJMA5yAfoT/rTW5kDseU+H32NJi5cqs3PExxljp0LaJxJJw7qsV5bMcxsDjpzD0rozRuLYdTs4Z4pAySoH28siuU7vPeeEjPo1a12UXX9pcOSW5kdZrWQqMA45SMj/X7U5NpmD+U8dRjZsn7bFPgk/rikJhDIDkjFZ7eXWp2EhwOZAfJutMJuNbi22lR1PmRVtS3TPJuC7su+qxQxQuwC4A3Yjp71jvFus/s+RKwIfKqQOlSWq8dXNxA0aSycvmOUb/XrWe6zezXcvMUDEZ3dc4qXkS0GlTIbU7zvJW25gf3sVCXEqj8oGT0OafXchjYr3YP8/l+tRsrKDk7fWlW6oYrxsbs8gYZ8+m9a92J32hcO3S6nqiC9ussI4AgYqNv16b/ADWb8OxRajqMUDIH5jjYAn361q1xw3Z8J6Q15FIyyMAAxBwc+QHTf4p2NOPuiVvIndUanxl2kcRazwJq02nXH/L1lb2crQ29uAZHVVyCzbYHsK5D07V7jVdfhnu5DNKz5ZmO59q23hnjROILPUtLZpJna1ljwq5yGQj19/LNc/aLN3GpwGSIqwceI4ODn0p858lfyF4T45CV1uHu9YnRzKRzbRhugxsKr9xMsU7ryEFTg5O9TXFozqzvznL+MHHnnrjyqvTd6shJbmJ6kjrVeuSN3LlcXSQ6s3P7SrtjlBBANX+01ZDEO7Y4Ppt/Ws2gnPeANVnhnMSCPmwQMYPlTsK4ukZ2aHJchbim7a4towebHPjI+POom3tAYQ5YLkZDE7U/u4ri5SKONhI7MAsYG5JPvT6ThXiCyjQPp7qXPKqqQSSBnyJ8qLLyl/FFTGkn7mU5ynOSpPyaeWK964w+T80jqdlPaXDR3ULwSjqsikMPoaU08FiFXGaBqVbQt6kdnfh14RuuKuCpprcmYwz8rZ9OUdPsa2jSuA76yUnkI23xVY/ACg1LhrXLRwqgJDLgEncF1PX12NdR3PDohfZRikvI17Tls4X/ABBcIsNN1CCVe6UEsFBIK5Xmz91rkhUktxOkTHkY+LzBwTivo5+Ijh6NJpYyWX9rtwDkb53U4PxvXz3vrdhJLGedSDgj612Pew5L6HnA8z/tcluwQh0JyFweYdP9antQ0qcNlwhY/wAIOarXC12bHXrORg3IJArEAHY7dD81rmp2ityuCTtjmA2/rXZaVNI6Di1oza4seSBucMHHQdRTRIFi3IGPfarpe6cZ4zzNkfJz+tVQRujlefOD03xToT5qpMmknodWbx5HhJq1aOzwllDBQ4GMEH71X7dFjjUggt5jlxj61M6S4inRjEQDsd+lDOkOS1bLJEjLEgYNIQN3z1rd+xQreaPdQHZkYMq5JOMY/wBBWHWuHxkgenLW2fh/kzrU0Er5R18KsdmIB22Pvn6UiTTjYcI09dGiWun/ALPehwhLg9SKe6jp7T923IOYeWCKlNZ006fOkmPzHIyelGvyb7T7aSN+RgTzj3/8H61Wg9+0meOto2DgLT4tR0C3kMeXwA2PI4G30q0wcNlplKgA/wAxqs9kmqBbFbdwWRsKoB25v6+lalCVz+XHtWpF62jMyDOHhxDGvNyhvPA2/WmGt8HRahpt1C4BLISoUY8Q3X9RVuTp0xRZEJUihT4u0Ksb6RN3ulWjNs/dKGHTBAwf1oV6JBEAoGAPIChQvYHFfR8abNxzDBJOf3TVisnKgnOM+R3qo2l3GgVUVVUeg/1qVtrlm5cDw+5qnP3K2j281asutjdKp3O/xVr0a55m8T4A6VnlhPuPFn2Jq0aVcsmArDr0B2qrCKTKznWjX+G75ueILggeYNdedkkgk4ZBzkggZLA426bef+9cT8M3waQKMKxAGTiu2ex/mPB0Jbc5A9/yirEMS9S2ZvlTuFF3oUKFXjFBQoUK44FChQrjitdompLpnC9yzdZTyDcD36n4rkHibWv2rUJXON2z13BrbvxB8Zw2zDT1lGIIyXAO5JGdv0/WuVLrVGnkJaQMTnfpScqtG/8AjsTbX7OkeHrr9k7LdJjaQ/8AvEryMBseXnbGM/ArkTtC1Fb3iDV5ghGZ5MA+W58q6u50tuEuFrMFmY2qSM2dxkD/AHNcU8ZX4l1XUWDlszyHJPXxHzpPp1E9nOMceJWyn6ldycxKsfgn/eoC6u25W5Syn9Ke6hK0rEqSf81QvcXd9Iy2trNOFOD3cZcj5wKmEOevkwZzhCXuYIndyc8pPvRJ4sLzAKPpUy3BHEVu6LNpdxEzjwq4GfXpnb61JngC9i0uO5uXW3aSTkRDv06k054MjfHjs0oeZgxw5c0jOLklmPIg+c4rQOwy+kTWtTt5WYRvAr8vUZDYz871JcN9iUWs3Nu93qzKj+J47eHmP0JO32rSrvgHR+CHshpVjyF0YvcyMWkc9CpOPg4HrVmHg5ErnoxvN/JYMi4wdji4SKaEnBYY64qp6haRyO2F++Ks0zkxghyvsFqAvwQ/MRkee1DPHFKzAT5MrtzodvcHBjA/6RiofVNFtrWMERMCP3vL+lWprmLG4P2qF1VVmzyc2PQVVaUuixFJMzTU7CNWkOVVjk5xVRv0IdlVyd/kVd+IVEEjKYmD4zv79KoepmRnOzAedLipOWg5SS0hTh9hBrVq+xKyAnm2GPfrWodrHF1tqHCFjaWzIX5hzkNkeuPL06/FYuJ3gbIJyPWjSX092AJfyjpls4qym0uynkxRm1O9l77H72W34qiTmKxS+Byp8v19qzvWIprTiK9gJEXd3LqduUDDHcVe+ym5itOJ4ZpwEjUeF225Wztv5eY+tQ/aTHp9lxtqTRRpcWs8nfDkbJUsMspPyTToyTj7kDjlxye50QvFk6tqSlofzxqw8eTj/wAH61EXkji5bLDbbLedS+u3EWryQTwv3QSIR92fYk5/XH0qNW1MzAc4c+hIrq1o1Xn5y7v9iUbTMQedQvsasbS4t0QAHlHkBk/XrUC8R7xWSE/KbCp3kYw+IlWwOZVGwqIy4sRlcb3IUsdWj029gmljkKxuG8PXb0zWudl/E+ncQ8ecPWkU8heS4LRxTqV8XI2xPTf5+tYnJZI4IyFPqQRivND1e/4b1eC/0+6e1vrV+eKaBirIwyMg/U/erMJP+RnzV9svnb9rGq6vx7NJrdtY293DEsKJaSq47sZ5SeVm3OfM1nlpJzOF5Rn1zS/EWvajxNfm81Kea7uyADPM5d2HluaY2sfI/Q7+tL48/wCLAUnHo77/AOHTqUltq+p2zIFjltJFGSPEVdG/+o129qE4Jzjb+WvnX+AqzbVeLEsEnkthJNIvewv4wTDnGPQ8n619DZuyGS5tgi6neN7yE+npVecE5bOizD/xAWsNxBb3LSDvFxhSMg+WPnavnDxdpk1nxdqFu7LEBPIvLtsQxGOp9K+o/bF2QzWXDrTd/PIp85CT4gCfL46V83O23SE4e47vG5lQyOJmDdGLqHz9cnNLjFRnVlh1KBnkrGC4/OCAfzAf7V0EkcOqcN29xC6HvIVf+Xpkj2rAbpsXGR3bITkFcYxW4dnFw99wbaHIcwFoc9Nh0/Q0/LJJUiIyohLmydXJLKQNzgZqizgR3kiOSCGIGGPrWp6tyR3DB1VmI6N5is/4gSWG8OCoR/Eq8o8PtvSoSd+4iQSxkcSI3cmSMH1qfs2eVxlM7eW1QGkswlAEeSR1QDNWOwue8A7sA5/eI3qJxalaVjYW9Poslk0pjRu68Pu2K1LsZvJLXi+xMSkByeYLvk8pwD9/6Vm+igyWpEm7hvzY8sCr/wBnN8ml8V6PcueRIrqMseu3MM/pSHfSLm6tHU2t29/q+mq50uWLALLIVPL0B2zsf/PSoGw0vU7izeWGPnhjHMeX09gK6STQEudKRSi5XdRgADGcdPLFZrY6adP1i9sFBURseXIxkZ2/Q1UhkalTRMraoh+BbvVtLnEkVmXLeHm5vOtnsdR1+UJnR+7J/jcDHz0xTLs802L9ouklALxMkkYI6HcE/oK0HyrVhL2mNk/lRF2z6q6jvYoIumSTn7Yp4i3G3O6f5RTihUihPuz5n9KFKUK44+JEMgyBzhvg0+tpXQANKD6821VrSQHsYyw5jv1+am42IUYJGBSJJx0e5k+OidsrpWkUqMnrnferRp2oMWAw4PqBVLtvyqfPP+9WjSSTEuTnYdfgUDS+inLGns0XhrUDFcw5bmJYfmPQedd8dit5BdcEQJFJ3skLckh9+UAfoBXzv0MnvAc7gZHtXfP4bwP/AGfk43MwJPr/AHaU+P2Y/lVxZqlChQozKBQoUK44FV7j3jCDgXhi61aYK7R4SKNm5Q8h6DP/AJ0qw1gX4uppF4e4djDsI3upOZAdmwgxkedFFW6ZxzZx92g3/FV5MnIZriWQvyxqeYknJA6+Z8qrNlpmpPcwJcWr2aTOFM87cvICcE467VsvANhbR8JXV4lvEt3kr36oBJjI25utZtr0ryzMXdnPKd2OadnxpJfs1cPlzw1OPwX/AFvtEi0x7aw7mUvp0MduFIHKeUDBznJ2rD7jQNGuZJ1NtcXMxJcGVjjGSegwDVw46kZuJJQWJHJFsT/+mtQtmi96PCPtWrj8XGldAeV+Z8rKlFuv6IXTpNKsJeSfTLNY8Y7wRAY/SrHBIliU/ZooYoNuURoAP0qia2xDykE5DHBqV4fkZ9PTmYthiNzTIwgpVRmZMk5q3I0jUtKs+LtGh79hFPGCUkj/ADBvWsd4rv7rSLaXTNVSQ4bnt7kryrJ1GfTPtWs8Ku3NIvMeXlzjPvVb7aYI34Uldo1ZwThiBkbZrUWOLVooRyzUtsofBPEsMrrbyEiRMsrnPT5rSpbqPV9PWB5/Ep5o2YZ5TtXP+jsTNHufzeta/pBJsoTk5xS3FPTAcmvcuxK6JgYpIvK46jNQ18/MDjwj2NT/ABAM2qnzDEA1UJySrZOfmvLeTH05NI1PHyPJDfZB6ndCF2Vc7HrnaoG51WQnlVQBjrzVNayo/ZpTgZAOD9qoF6xJO5qg1x2ae3FNsba5qZ5yvNzk53XcD2qn6hc8jHlK8pHpvUnqrETbEjw1C3fiG++/nS+TboGDafIh7yfLDG59TTdWyQXO3ucU7mYrnBI38qZzeIEnc586fT+CWuathzqEkO0eRkeu1MZn5j4tz5YalWAB6UWNRzjYfamRpOitoX0+QBmWQ8qY8yaFxEqElZFPnvQUAk5AO9HPWrEV8k9dCFsSHUq5Ug58LEVLPfTcvhbf1O5pkijI2H2r2c4YY2o5JdgO17rHAuJc4Y+L3FJyysWPPGvypIr0bR588UiCS4zv0oOVLQa/jYtBBE5zyOfZWwa9t7VzL/eeEDcH1/WndrsR805uSSN6myVDVnSX4GteGidqdpH3sau13bSKDgk+Mo3n6NX2FXBHTB646Gvz3aZPJav30MjRSp4lkRirKdtwRX1L/wCHzxjr/EvDU0er65qWqxxRgRpe3ckwQewYnFV2VnuzpztTtBdcCap4AxjUSDPlhhk/bNfLL8V/CsNlxDaSywgie2hxIDuCpden2619XuNv/wAJax/+1k/+WvmH+ME5i0Vjuwi6+f8Aiikyj7kx+KPKLOX5+Gu/UFJSo9WG9WHhLiObguxntzFFPHM4c5flZSMjrg1HwMSoyT19aQ1NQyEEA7+YoptzVMhuiw6h2gRXV2LjuHt3K8pjWUuG9D+UVEanro1dYSbYpyMfEcYYem2/Wq1CSLnGduXp9qPDI4vocMRlt96HHp0TGXLRY7SQrGvKqkjYDAH6ipuwmVo8EYl6cmAR/WoSzAeYBgG286kYEUYwoH0q1y5S4sa9NRL1wjHLILnvTgBQUDEb779asenXBSdWAHhORjY5+1VbhIlebBx4D0+lWGLwybbb+VVJKsjLTx+lH2s+pnZ3q8XEPBekalCyPHdWscwKdMlRn9c1VOPrFtK4lhvUUBLhBkgb8w2I+3LSH4aHZuyDh0FiQIm2J/napXtaJ7nTd/33/oKz8iqSZXhkabJLgS65tSK4IEkROAPQjH+v3q91m3CG15ZHz5Bv/lrSB0rTg7iUsm5We0KFCjFgoUKFccf/2Q==","2021-10-17 06:37:25");



#
# Delete any existing table `tblblotter`
#

DROP TABLE IF EXISTS `tblblotter`;


#
# Table structure of table `tblblotter`
#



CREATE TABLE `tblblotter` (
  `id` int(11) NOT NULL AUTO_INCREMENT,
  `complainant` varchar(100) DEFAULT NULL,
  `respondent` varchar(100) DEFAULT NULL,
  `victim` varchar(100) DEFAULT NULL,
  `type` varchar(100) DEFAULT NULL,
  `location` varchar(100) DEFAULT NULL,
  `date` date DEFAULT NULL,
  `time` time DEFAULT NULL,
  `details` varchar(10000) DEFAULT NULL,
  `status` varchar(50) DEFAULT NULL,
  PRIMARY KEY (`id`)
) ENGINE=InnoDB AUTO_INCREMENT=27 DEFAULT CHARSET=latin1;

INSERT INTO tblblotter VALUES("10","Joe Rizal","Nora Selos","Joe Rizal","Amicable","Pob 1 Catbalogan, Samar","2020-11-02","00:30:00"," Sustento sa Anaak ","Scheduled");
INSERT INTO tblblotter VALUES("16","Tiboy Tibo","Maria Advitos","Tiboy","Incident","Brgy1","2020-11-06","23:35:00","  Di alam ano pinag awayan  ","Scheduled");
INSERT INTO tblblotter VALUES("19","Girl Topak","Boy Topak","Girl Topak","Incident","Manila","2021-01-13","11:11:00","Mga Topakin na Pamilya","Active");
INSERT INTO tblblotter VALUES("20","Kayzel","Mario","Kayzel","Incident","Quezon City","2021-01-07","00:12:00","Iwan Ko","Settled");
INSERT INTO tblblotter VALUES("22","Juan dela Cruz","Peter","Juan","Amicable","Manila","2021-01-01","22:16:00","   ayaw magbayad ng utang.. hehhheee   ","Active");
INSERT INTO tblblotter VALUES("26","Ron","Cajan","ROn Cajan","Amicable","Looc","2021-04-30","13:09:00","Donec sollicitudin molestie malesuada. Curabitur non nulla sit amet nisl tempus convallis quis ac lectus. Sed porttitor lectus nibh. Vestibulum ante ipsum primis in faucibus orci luctus et ultrices posuere cubilia Curae; Donec velit neque, auctor sit amet aliquam vel, ullamcorper sit amet ligula.","Settled");



#
# Delete any existing table `tblbrgy_info`
#

DROP TABLE IF EXISTS `tblbrgy_info`;


#
# Table structure of table `tblbrgy_info`
#



CREATE TABLE `tblbrgy_info` (
  `id` int(11) NOT NULL AUTO_INCREMENT,
  `province` varchar(100) DEFAULT NULL,
  `town` varchar(100) DEFAULT NULL,
  `brgy_name` varchar(50) DEFAULT NULL,
  `number` varchar(50) DEFAULT NULL,
  `text` text DEFAULT NULL,
  `image` varchar(200) DEFAULT NULL,
  `city_logo` varchar(100) DEFAULT NULL,
  `brgy_logo` varchar(100) DEFAULT NULL,
  PRIMARY KEY (`id`)
) ENGINE=InnoDB AUTO_INCREMENT=2 DEFAULT CHARSET=utf8mb4;

INSERT INTO tblbrgy_info VALUES("1","Pampanga","San Fernado Pampanga","BRGY Bulaon","09752490788","We want to give the people of Bulaon the ability to promote their community to the world via the internet by providing this interactive website. The growth of this website of Bulaon is not dependent upon one individual. This website will grow as more people of Bulaon participate and provide valid information about the community and also by providing pictures about the community. More power to Bulaon.","17102021003133bulaon.jpg","17102021003133SFLogo.png","17102021003133Bulaonlogo.jpg");



#
# Delete any existing table `tblchairmanship`
#

DROP TABLE IF EXISTS `tblchairmanship`;


#
# Table structure of table `tblchairmanship`
#



CREATE TABLE `tblchairmanship` (
  `id` int(11) NOT NULL AUTO_INCREMENT,
  `title` varchar(100) DEFAULT NULL,
  PRIMARY KEY (`id`)
) ENGINE=InnoDB AUTO_INCREMENT=12 DEFAULT CHARSET=utf8mb4;

INSERT INTO tblchairmanship VALUES("2","Presiding Officer");
INSERT INTO tblchairmanship VALUES("3","Committee on Appropriation");
INSERT INTO tblchairmanship VALUES("4","Committee on Peace & Order");
INSERT INTO tblchairmanship VALUES("5","Committee on Health");
INSERT INTO tblchairmanship VALUES("6","Committee on Education");
INSERT INTO tblchairmanship VALUES("7","Committee on Rules");
INSERT INTO tblchairmanship VALUES("8","Committee on Infra");
INSERT INTO tblchairmanship VALUES("9","Committee on Solid Waste");
INSERT INTO tblchairmanship VALUES("10","Committee on Sports");
INSERT INTO tblchairmanship VALUES("11","No Chairmanship");



#
# Delete any existing table `tblofficials`
#

DROP TABLE IF EXISTS `tblofficials`;


#
# Table structure of table `tblofficials`
#



CREATE TABLE `tblofficials` (
  `id` int(11) NOT NULL AUTO_INCREMENT,
  `name` varchar(50) DEFAULT NULL,
  `chairmanship` varchar(50) DEFAULT NULL,
  `position` varchar(50) DEFAULT NULL,
  `termstart` date DEFAULT NULL,
  `termend` date DEFAULT NULL,
  `status` varchar(20) DEFAULT NULL,
  PRIMARY KEY (`id`)
) ENGINE=InnoDB AUTO_INCREMENT=14 DEFAULT CHARSET=utf8mb4;

INSERT INTO tblofficials VALUES("1","Peter Guevarra	","2","4","2021-04-29","2021-05-01","Active");
INSERT INTO tblofficials VALUES("4","Marlon A. Lorio","3","7","2021-04-03","2021-04-24","Active");
INSERT INTO tblofficials VALUES("5","GARRY A. RAFEL","4","8","2021-04-03","2021-04-03","Active");
INSERT INTO tblofficials VALUES("6","TRILLION LOWRY	","5","9","2021-04-03","2021-04-03","Active");
INSERT INTO tblofficials VALUES("7","MELANIE M. ELBOR	","6","10","2021-04-03","2021-04-03","Active");
INSERT INTO tblofficials VALUES("8","ERLINDA V. VITUS	","7","11","2021-04-03","2021-04-03","Active");
INSERT INTO tblofficials VALUES("9","JOEDAVINCE","8","12","2021-04-03","2021-04-03","Active");
INSERT INTO tblofficials VALUES("10","ALEJANDRO A. CAGAMPANG	","9","13","2021-04-03","2021-04-03","Active");
INSERT INTO tblofficials VALUES("11","JOSEPH P. PARDOS	","10","14","2021-04-03","2021-04-03","Active");
INSERT INTO tblofficials VALUES("12","RUTH A. BACAG	","11","15","2021-04-03","2021-04-03","Active");
INSERT INTO tblofficials VALUES("13","DIANNE A. CURRY	","11","16","2021-04-03","2021-04-03","Active");



#
# Delete any existing table `tblpayments`
#

DROP TABLE IF EXISTS `tblpayments`;


#
# Table structure of table `tblpayments`
#



CREATE TABLE `tblpayments` (
  `id` int(11) NOT NULL AUTO_INCREMENT,
  `details` varchar(100) DEFAULT NULL,
  `amounts` decimal(10,2) DEFAULT NULL,
  `date` date DEFAULT NULL,
  `user` varchar(50) DEFAULT NULL,
  `name` varchar(50) DEFAULT NULL,
  PRIMARY KEY (`id`)
) ENGINE=InnoDB AUTO_INCREMENT=11 DEFAULT CHARSET=utf8mb4;

INSERT INTO tblpayments VALUES("5","Business Permit Payment","7000.00","2021-05-19","admin"," Atrium Salon & Studio");
INSERT INTO tblpayments VALUES("6","Certificate of Indigency Payment","3500.00","2021-05-19","admin"," Ronil Gonzales Cajan");
INSERT INTO tblpayments VALUES("7","Barangay Clearance Payment","2500.00","2021-05-19","admin"," Ronil Poe Cajan");
INSERT INTO tblpayments VALUES("8","Business Permit Payment","3500.00","2021-05-18","admin"," Atrium Salon & Studio");
INSERT INTO tblpayments VALUES("9","Business Permit Payment","7000.00","2021-05-18","admin"," Atrium Salon & Studio");
INSERT INTO tblpayments VALUES("10","Business Permit Payment","7500.00","2021-05-18","admin"," Atrium Salon & Studio");



#
# Delete any existing table `tblpermit`
#

DROP TABLE IF EXISTS `tblpermit`;


#
# Table structure of table `tblpermit`
#



CREATE TABLE `tblpermit` (
  `id` int(11) NOT NULL AUTO_INCREMENT,
  `name` varchar(80) DEFAULT NULL,
  `owner1` varchar(200) DEFAULT NULL,
  `owner2` varchar(80) DEFAULT NULL,
  `nature` varchar(220) DEFAULT NULL,
  `applied` date DEFAULT NULL,
  PRIMARY KEY (`id`)
) ENGINE=InnoDB AUTO_INCREMENT=6 DEFAULT CHARSET=utf8mb4;

INSERT INTO tblpermit VALUES("4","SH Food Group 1","SH Food Group 1","SH Food Group 2","SH Food Group 1","2021-04-30");
INSERT INTO tblpermit VALUES("5","Atrium Salon & Studio","SH Food Group 213","","Atrium Salon & Studio","2021-04-30");



#
# Delete any existing table `tblposition`
#

DROP TABLE IF EXISTS `tblposition`;


#
# Table structure of table `tblposition`
#



CREATE TABLE `tblposition` (
  `id` int(11) NOT NULL AUTO_INCREMENT,
  `position` varchar(50) DEFAULT NULL,
  `order` int(11) DEFAULT NULL,
  PRIMARY KEY (`id`)
) ENGINE=InnoDB AUTO_INCREMENT=17 DEFAULT CHARSET=utf8mb4;




#
# Delete any existing table `tblprecinct`
#

DROP TABLE IF EXISTS `tblprecinct`;


#
# Table structure of table `tblprecinct`
#



CREATE TABLE `tblprecinct` (
  `id` int(11) NOT NULL AUTO_INCREMENT,
  `precinct` varchar(100) DEFAULT NULL,
  `details` text DEFAULT NULL,
  PRIMARY KEY (`id`)
) ENGINE=InnoDB DEFAULT CHARSET=utf8mb4;




#
# Delete any existing table `tblpurok`
#

DROP TABLE IF EXISTS `tblpurok`;


#
# Table structure of table `tblpurok`
#



CREATE TABLE `tblpurok` (
  `id` int(11) NOT NULL AUTO_INCREMENT,
  `name` varchar(255) DEFAULT NULL,
  `details` text DEFAULT NULL,
  PRIMARY KEY (`id`)
) ENGINE=InnoDB AUTO_INCREMENT=13 DEFAULT CHARSET=utf8mb4;




#
# Delete any existing table `tblresident`
#

DROP TABLE IF EXISTS `tblresident`;


#
# Table structure of table `tblresident`
#



CREATE TABLE `tblresident` (
  `id` int(11) NOT NULL AUTO_INCREMENT,
  `national_id` varchar(100) DEFAULT NULL,
  `citizenship` varchar(50) DEFAULT NULL,
  `picture` text CHARACTER SET utf8mb4 DEFAULT NULL,
  `firstname` varchar(50) CHARACTER SET utf8mb4 DEFAULT NULL,
  `middlename` varchar(50) CHARACTER SET utf8mb4 DEFAULT NULL,
  `lastname` varchar(50) CHARACTER SET utf8mb4 DEFAULT NULL,
  `alias` varchar(20) CHARACTER SET utf8mb4 DEFAULT NULL,
  `birthplace` varchar(80) CHARACTER SET utf8mb4 DEFAULT NULL,
  `birthdate` date DEFAULT NULL,
  `age` int(11) DEFAULT NULL,
  `civilstatus` varchar(20) CHARACTER SET utf8mb4 DEFAULT NULL,
  `gender` varchar(20) CHARACTER SET utf8mb4 DEFAULT NULL,
  `purok` varchar(50) CHARACTER SET utf8mb4 DEFAULT NULL,
  `voterstatus` varchar(20) CHARACTER SET utf8mb4 DEFAULT NULL,
  `identified_as` varchar(30) CHARACTER SET utf8mb4 DEFAULT NULL,
  `phone` varchar(50) CHARACTER SET utf8mb4 DEFAULT NULL,
  `email` varchar(50) CHARACTER SET utf8mb4 DEFAULT NULL,
  `occupation` varchar(100) DEFAULT NULL,
  `address` text CHARACTER SET utf8mb4 DEFAULT NULL,
  `resident_type` int(11) DEFAULT 1,
  `remarks` text DEFAULT NULL,
  PRIMARY KEY (`id`)
) ENGINE=MyISAM AUTO_INCREMENT=181 DEFAULT CHARSET=latin1;

INSERT INTO tblresident VALUES("171","321321321","Filipino","18052021113447Screenshot2021-05-06183815.png","Ronil","Poe","Cajan","FPJ","Metro  Manila","2021-04-05","1","Single","Male","Purok 2","Yes","Unidentified","19512659595","cajanr02rtrt22@gmail.com","IT","310 W Las Colinas Blvd","1","dasds");
INSERT INTO tblresident VALUES("169","","","data:image/jpeg;base64,/9j/4AAQSkZJRgABAQAAAQABAAD/2wBDAAMCAgMCAgMDAwMEAwMEBQgFBQQEBQoHBwYIDAoMDAsKCwsNDhIQDQ4RDgsLEBYQERMUFRUVDA8XGBYUGBIUFRT/2wBDAQMEBAUEBQkFBQkUDQsNFBQUFBQUFBQUFBQUFBQUFBQUFBQUFBQUFBQUFBQUFBQUFBQUFBQUFBQUFBQUFBQUFBT/wAARCAD6AXIDASIAAhEBAxEB/8QAHAAAAgIDAQEAAAAAAAAAAAAABAUCAwABBgcI/8QAPhAAAgEDAwIFAgMGBgICAQUAAQIRAAMhBBIxBUEGEyJRYTJxFIGRByNSobHRFSRCweHwYnIz8RYXNEOSov/EABoBAAMBAQEBAAAAAAAAAAAAAAECAwQABQb/xAAzEQACAgEDAgMHBAICAwEAAAABAgARIQMSMSJBE1GBBDJhcZGh8LHB0eFS8RRCI1Ni4v/aAAwDAQACEQMRAD8A+FdNelWLja4OJxIqjUazzD9OTkqBwfmpLbCMCxBOQDORVSMvnS7MVKkbpAkfbvUdZtxBSs/b5kTQ97gO0PtpaVVnMDdAmKJtNbZ1BnafvxQelKveIIciPjNNLWy4lwsu3H+9BHZWG5t13+VKNbCwK9TNgKLptpJRew7n3px07y524IjJPY0vU27TAztMSIo3p54LFjOSAAAPvSq24k94hDKvn+/rGWrIOkbBaQNoigx+80Sf/wAYzI2zmidZL6baZUcgrQly3+4WWb0nAmtzLiyeo/G/6+0NBjZEJ0a7VwzEj3Hb7VdeMLM9jkjj8qp0rrhiPV9xIrNTdX1AEAxiT802nZvcIQSvGBBbjh7W0g/OD/agb4Z5O2J5Wri+8OFYCPq4qq8ot3C3A4iImu8MOAL48smLfSVr87fScf463JoAgHLAHBrkF1cWTYEwTgETmvQev6BepaU22ySJk+/b+leb3dJe0+sNpvSykD3kfFYnQE7pPbsN/npGupAXTZ3AbfpAoGyhO0KAJ4BkGjdYp8nJYTxQdvKkDaJMnvUVIXuftAzbrsSy1tVhgn5iqdXqbdu3tt79wOCBE1Tqb77So+xaINAqISZ3feqBRu5zELYxLTfFtEJBNw+o+9O9JqLOqtJtkNEFYrnLkBpEz/EeaK01xrF5HUxBBJjmqEAkXKFyoBMeatLem028FiZ7iKUnqdtSQFPbtMU1644vaBbiNIMfoa5rbuQ5jNdqAXZzOZ9+R+8a2upWwCPUoJ+qTiiLHUrKkFrjYzikKqWHpJC9gKntAUCJPNcTt90x1ZmayJ6D4Z0Ddetuy3DsUxjBNHarwvdS5+6vNvUQNxkVn7NlOn6SXIjzLkgd/aus8lzvbaSxaJn5qw0QELH9aMuiqcDE4m70jqMssFhEyDmq10+qtAb7TkEkfSYkV3iaW41zcfTtPb+1FXdOFNveoZCeCvFL4ZwQ1xdtYPaeeHSaxj6bDERO0Dmr1sasx/l2YmIMfyruNLpXuFiVGxdwX4qY042oV+oGTWkICQYVUnPaee6o3dNdA1Ft7RIwOKss6tF+kmIg4qv9onVynVrVnHoWTjkmlPTNS1/LEQQYEUFARywJvtJBiCdvM6K3q9sQ8KPmrbPWkW95aNDHhiOaUoUAAZDJMgRihba7+oW2wIMwODWrqCijnvIt1ncwnYafrLgbPNdATJkwJ/KvV/2LeLG6Xrbqm4VBjMxP5V4WSt7CvmeBxNdT4P1Oq0fUgU9aQZ9+a06RGtgNKjUIUWuJ9IftT8Zf4h4U1FoXGZiuAtfLmt1m5LjMpkCAa9F6/wBcuajpdy3cLqu2SD3ryp9UTebKkT/Kn1g+kdqmUOqGgWqu7TB3KTIMf1pVq3ctKscng0w1fIyCQcEUq1IhI2gAH2mvn2J35PJiUUYgis/neDDVNH1R+VR85lTDNP0gkdq1dMFjHmEHJgRNUsWKkSy/EYpNWz25+v6SRcFvjMvMVsw0hfcUI9wW7k7jEdwauZk8sg5I7YzVF5YcLESvY80pvhmMFNYyR6yJZSdwLZ5rQRXKxuCjGaiHJYqJIjueK2i7ixYx7RUyKETUtjzJ+STnY2fkVlblv4T/AP1rKS3jb/jPQvMa16phWPpk5j86haNs3QeLaiSY4oA3nslnYk4gQAaIt603XS3t2hjlj7VdyBtG6senqPOMwPui8nnyh9nUqNQWhlXmWPajE1hvsqhSqn6jiKThit4KkMIMndNM9PqgjoWIIHKmMGq6R6CTVev819oQ9jay16XGdmLpZGUsYMDiKM0Vy3buDc7QMZHMihNMzXrxYOArDIBj9aJebOrQMy5SMH/ijpttO6xtMG0A4EcNsu27Q3Ex39qpvoGViCCPaYn5qq5ef8OoVRsHGAKru32ZeJZcQSP+mtCkLuKyu4gkNwIRYvqgb0tMQCoqWpvJbG45IXIOYobTF0gbjkgmR/KKn1Ik2mVuw4AycYqb7dpNn63/AKnaQsnEAGqDXN0kz6oMCtau6jOzcg8cVQgW3b3egGODzULqhXILLn271Jbvn7ybkr7o5gmvugooGCPtn8q5TqKWtxuEBjxERFdR1AMV3Ak4jA9q53XsUtg4g5z2NLqFG2g8wMzOa4irUsFtnJx7UOlwBsTH+1EaxmuWgNo5mcZoZrjbHY5GIqTXfEmSDxj5xVqXBcld0k9hWpAVpED4rJM7gAFqKs+5hCx7mqjq7xGBvEjcxE5q1HxkAfzmq23jMhfyqdmUXB5NOpr3hmObPMa3Li3OhKDMIwX2pS6godoOD7yKO8x00FxDBG8HNBh2ZCABE0rFrxmAg95WhRezAfIqw7BBmB71FQ24DAX4OTWyG2jCgDI9qJIAlgFJxPXvCxtWfDOkuIQ2I/ORXVWgbrKwU7GiduQTXnfhHrzP0pNKAiW7TBTB9RJ716d0S4LulWOdsiOa2pqDKmX03APuzYtrbv8AAUtwdtWXLJa3bksQrCZ7VLUpuvWDAg+kA4NGXj/lbaBhc9YwMmnDMVyahJYj5xTpFCJf3CPVxEzVKBbtgLB3LJiP5UXp1dW1fqAAYkA/aqtn4ewHAWdvM4mu03rA7zStaaZ7zxrxy/meItQc7RHHY0D0bUsbmxgRiQa34s1I1HiDV3EYZaBtNC9Idl1IBaSKwjVtyxE83cdxE6IX4YQwMnE5GKywyLfDEFmAIA/Ost3HJC8AZgx71VY3XQrs0bHPPE1o8QAUe/5zK6iFqI5lzacNeDW2KCfURxXXeCtc9i6phWAMEkCa5IXSUZd5UkT2p94a1L6W6sfTk4iuGvsWwMj4xtKnYV258v7nb+Ler210frUqCsERXleqay1w7dw3cgESK7XrusOrsjeZMHJrzzWWW3vtYoefgUg9o1GUFjX3ja2mFex3ll83URYh0HY0tfWKW9QZAcZqx7mpsrDjzFOZ/vQNy/uUnCdopPGVmsDj0mQLZ5+ok/MTYsNn2jvWnu+YrAkgDJJMf9/KoMEYSCBMcCqbwuKIRxIPLVBgG1LY5Pe45Uk5H0kbjBADJI+IzVN28MOASRgg8/yqq/curaUtIDEiYmaqL3LkLiOAo5BrmG4WxuoNQ9VXiEm7gAKB8jmtJdVCwO4z7cVBFcTIggZ3Gq9zEQGHE1PFVJkNZxL/ADR/Cn6VlVjTkid//wDmspLTygoTuGL37xRQNoyDHNSRWa6CylUXkj+lXnVG24ALEE8sJJ+1CNfe0twSQT6oGZp2JDHt+806jLlWMu3paeUlRtMCrun6gQ5dobOBMc0sVroMNuKkZnt80x0jNuAWe+GzimQlQNr3EVSygiOunXjaRgGBgfmKbWb63EbfiFneAc0jtfurQZlaSOSf+KYaZhY0wtKQQ+Z4NNvIBAOYy7QevmGWNS2wl3xwG96L0jOzFm+lBE0kuC49uGYQGEKDEinWjgW4gkRk+9U37RtYx1yQVMKS4EuGFxMzUNeWO4zmPetW7ouuVEbZP5e1U64lnJLnbHE02mb0284g2gntA0ggAyGj9RQWpuxclt0D00WVdjwdh9xFBtbK6gxuI7GoszhLY38IpONpOJTqb4KHBgYmP5Uh12FcwdkZinutusQeZ9jxSDVOdjD1gQcAUtZ2gUYoO0GxFGquQAvb+IDNBao+VYJDTjIozUKZE894E0LrCx0xIA3SIMcYzQZiTj4SdjbmrigEEQSV94rFuxgMQAeCK0CysCRuBPxUgXKgj7RFNu7QAHvNtJEYP5VhYrtG0e81tQdskRWzchgCJHH2qhLKRnMIyLJk/ML22UCQYkGstt6B2Bqu48LyCZ7CtG4SqqDEGT7UNR9xwZzndgDM2tze5xEVhcldsmRxWtpU+5OaiDtIkZjtQoVUuN7YIxHPhksepIstBUyAa9r8LXmGmy369prw/wAOXtnVbKgZJIMH3Fe2+GWM21DKwdNpI7EVXRtTmUQkcCdH1BQ2ms3NsQ47Vp7QNlBJncJCmi9Yk9I3YAEHOe9Vom9F4KzMjvVRS7vhLMbI8ov0q+ZdvGSY5xS3W3/w9q/9QRLZJJx7080thg2q3qSNxP5RXO+J7rp0zXkCQtorIGcCuVVZAD9YzkbTtng+qvl9XcJJMmfer+j3WTUxJgiKBuZYsAY94o7obkasYn8qyqgIOZ520k0vM6bTqbtzYCN57/FL+mFl89HaXW6T/aifMu2pvqdhU4g95NVaFdRqNTevvbAVzCqsZ+a0LR6SZc+XeWtdVGWIIB+00botQyMdhIkxjEULqR5Zj6TOB7/fGKlYFxjKiTBEAQPziqaaLqsBfM46gQAxvqNa7QpnA49xSDUa1NRfa2sD4PxTnqnR9d0DUDT6wqty5aS6McBhIpT1Dpv4XpnTdWBD6gOxYnmGjFX9p9kC7ipqp2prDVAoZgjseRAIExnFC31F5B6STyxgUTcuORIMd4bNC3bkqDuk/wAI714rODjmopBvnj4QNrYQsBgnNDM90rAO5vmr7gdgCTicSOagSrbS6krPvT11kniI5s4NSJVm0p3ElO33+Kru6VrM3LY2m2RK9+OaYaO22pu21AhA0kdv0plb6c2o6h1GwwgjSFwI/hz/AHrRa+DY5kVZrAOZz2lvfizcUsUYiRPBqBVkZvSGUcGeahcT8JqkIlkMEGOfenej0wvHVacIdzJKGDz8VlPJEuSioGAiHcx/1gfG41lUm7cUkHBGD6RWVcaLQ+Gn+X2H8z0XU6pTtYMQqnCHtQ2nKveVlJ9Myx7VWzHaxKgwJGO9Ss7t6ww2nnHesxZWIB5EXVZioU4uXXWyzLIDeox2q/pi77pmAsYX/oqooWgg5Ck8HmrLIC5Ebo7UFNk3WJRQWUKTHNuFRluSx/0iMVdoSH3SYVRIzEULaJxIG4jlV4qdt3tZBhSI4k1TlgxwDJAPZVbr0hqXVa4m1gD74kU1tMtlNqzBE5PNIFI8xPT+kz/tTQ3tmn3buOJXitivuo4zn7HiMtJjvM/E+XqXBBg95ioXtYrqcGDjmg3uh7yszgSfbmoXGVrhIJ2weBWIOTZr6/z3MmoLG4Rp9QrA72KgdweaHXXhtVcXkHIM0OrKFPpnMRFLtU+y4WBAI7wc1wcM1MK/PnODgCvnGeodb4JGG7r/AM0m1NwOpEHmTmtvriGJPccAfFC3tWLwgrBP5RWq1JLbvnOcEHJyIFqm9SyGP8qF1bltJcnM8AdquvrDmJgZqFqGYKSY+Vms/TwD/UBcVkznkBN36SDPtRAtOV9IIByAaY6dFu9SuFFHoH2p9Z0qhEH1H7c/FMCpM5Rusg4nJLp7m4Dy29hAo8dE1XktcFoiBxya6RNON0kADnI4ouxZZQSB6Yz70x1aArj94wXNieeXFe2+11IIxB5rCRH0mJp94uRLV+0UUAmZ/vSE5x2NI17sztp3yLHyxIwSe0GtO6kCSZ+1Yp9RByfbNQuSo7c8RToB3hLXxGfQri2+qactg7hnAr2Tw9duWblreNoneIPY98V4j09wupssYMODBEHmvXOk3L9vqemk/ub6Mi/+JGaYahXU2zRpqdvM9Wtr+J6KSRnYSI4qrSgXtMhJAJ4AOOKs8NMdX0ocSVI+1b6aIshRJgkcVYFVBo3NHuiwblGlRrf4lyGJ3mPbgVynjy+NJ0PqDEZa2ZNdpfXy0udlY5E15r+1TWC10HUAEqWZUGOf+xTbsELUg2BPErjMoYkkTk0x6HcH44BQxAA+1LnliJM+00w8PL/nyAZEe2eayKeCMmZtMFc9p0F02rtvZcwrPtECDk0Ze6Xft6+3+GgW0GC559sUFrE/zOnQna2+IIxXTOgt3yJAA96YuABZx3mi+nd3lHRPBdzrPV7KazW3P3tyCbKCRXoP/wCiF3T2g+n190EeoPctTMZzFc30TUtZ6lpzbdQ+6AWxBrq/EX7Rdb4X6dYtpe80MILNkn9aqmqqdR9KnDS/8RxUC8Z+AvEPifqX4pr2muXVspaAINuQqxNcJ4g8C9f02k6dp205unTqw2q4iSxOKj43/aZ1Lruosqmo227ay23gmMzWeDf2i9R05t6dlTUIuALwECecmi3te8OK9/n4fLAkV0tNiFGDOa1XTer6VCL/AEzUooyWCHNLLyPbh7iPaVjILKR+tfQXXP2g6fU6FrVzpunsbbW3z7LSSft3rgdZ4m0j6bzbmmtPbZobzAGO33HzWQUDY4+82HQAG6/WeZmRAZjtPH/FV3VY3AUX0j5x+ld3fPQNfor1621tLwBKIEIiuKuqouGGLg5JiJrhqWDXNzDqocKDZMYdH3KQQPSJME80ZY1Z0/jDRlm9F5fKMnJBBH+5qvpNhbenLkmO0e1Lev6g2ep6a4mChESM+9etqEf8ZVIGMzJpOV1xM8S6BdIAoU77V1rbEjtODV3SNTvvWGJ2tctwB8inXje2uq0Tam0Bct3US6WAODGa4nQ6v8PdssCSyPIHx7V442sb/UT0tUFS11nNTrW8N6S6xeGG47ole9ZSxr2susXDhQxkCeKyq2n/ALD9P/1M/h6f+JjR2LFtwI3H371dpQEMqScH0hsE1TctiS6mADjmpSVVXO2BnE1m8YE7bqPqLYvuITaJgiPS2ZJGIq/SsHV/W0yMD75NK4uM0oRsIkQDzTLSOvmBQRtIhjEZp3G47R38vyowBVaAjXz5MBm47nms0ZfeJO31SF9xWltm5lLimD2HH3q23bNtlckBx3rgrJSqcfECTzybl6DyrzushFzB7n4osub2laQUxge9VOPMthpMvywH+1ZfVQotkhJEZkj9KoSiEUf2nbKJqC7NlwAjCnkkVjOCSgwYyTjmq9SoW4AWAMjiYOMVnlbgwMmB7TUx3JPNf6ibyCKFSgsCQQW+qeeKXai8A+W3YkAZxRl0lgQrggdtsRQL2gbigiPuDSZrbAx20SJVdbYpHMiQW4+1Am4C/wDC3eKZPpyilCygA9xSvUWRMhonkxTqVVjurPwnZNlhRMhqLgZgTJ+astqFG7IJxIqFkMzEEiAD/poi2oukAkyfYc0b71A1brX+pq1Zt8i3BMAkd6aaPTtatZUkEzAPFBWFhhOecFcGmVk4I3BRERBxT6YBbOPKUsciXbFuqCVgz78VeohAR3MZ96p2zEjt3HasW8FEbxDAc11hhY5udTUJy3jG7u1dssIaK51nAQ927TTrxf69bbKngGQPvSMoSrH2NBqOTzG6zkzFYCRUSzLxLz/Ktou5ySR+QqLAHAb44zVUYLzmccSy1eKPu2yRXrnStQz9I0OpknybytIPCtivIVUSVBMqZ47V6X4bvNc8LOgbG2D8lSDUzQIbyjcDme0+D74OjK5gOyle3PNFaFSj3FgkSTHvSbwZqF1Gkusjf6twjOCKcWWKpvUid2SK0+JaA1dzTu3IQT/UlrHW2jMQRA3HM14p+1zqSjS6bRqSWLlyWxjt/WvYesXCthlSB5mAe4r58/adq0v+ITbDStlFUj2MZFNqum3aO8m6gC+ZxzEliPjtTnwzD60DH05mkrGHwZBHtTjw1C6tjO0xGTzWUEKLORM21rsTrdBbtXeqWA+54YkEmKD8U+JP8P1FyzZxd7k9v7VM6v8AAsdV9flISoGTOf7iuB1mouajUXbtyd9xpJI5oLtJocSzOQKPeNdJ1q8Lwv3L13eDIO7vVus8SavqJCX79y4qn0y3H5UiDfuwpyScQM1JW8kwe45HNAjGYgY1UOuaphgZB7TUBrriKRaOw8yDQe4zgkzWnglmkMD34pQgEIahaioxt9Z1IIa5dc9iCcVO5q11tpZvlGGBbgRSgKzZHFaWVMkxmj4Yu5xZqyMQu7usuIOZ7GmNu/YvaRfMGy4n1XA2D7YpHG4j1c1h9p/UUdpxmqiXnm53tjavTlKxu7xXL+ImjUqOcTzU+kdVK7bF5x5cyvwap6+UuaoENPp5AxFelqaobSAExrp1rm4z0l27rfDd4XL+LY2hT2Fc3YMX0zwRxTTp6236RqULeoNMUmIYcZj2rzEA6hc2OSwBh92xd8x4ZYk96yoC3qWE+YM5rK6pO3852fmEXGWARMGDxW/PFv0tklok9qHtLbvlmG2TJkcxUmsAWlLKSFyDAx96zNplTRFG/QmasA23Ms3KjBlX0oCCScUVYuhQQQYI5J/pS5kDD1KGX44otFGAo+STiKZBeCf1iAm9pzH2jvFVgnDAGRzFELqR5G4qXxyKX6eNgLABu0DtVocEbIO74FVbbp01zPvIxWOI309xBaQkBtqzHxTPT6U3wtxkEERM0t0tlb62wM7V7DvTpIS2u1NygYET/wB/4riS3vDnyllINi8RJ1OwbesChd0cCePmhk+gnBxMTTTqNiNaLxUNbjgYnNJzsK+kSDj7RTgbG+Unu6dhi/UsQzEAmRxVNlJ1Sk+oe54onq+g8m8qiWLKOIj86xAqXcRvGMRFQJJHXn7TgRwDgyvVWgGZjLHvHFKdWhRZCnic091KhlIVe+RzSXVqptqSR6RtzTgNvKKPvDtqgTkwVB5mQBgmY7mrv/iaVEn7zQ9mCpg9/eKvCCJ2gknjiqEtpZPEnYJIEIstvwV2/BxRN3WlbRG8jgjNB2SrjfgR3FZci8xUID9/60gDr1cmcuLFXLD1G5dBQCFPLLUE1LIFEE5iZ7U56H4T1nWGCaRFuvuCFWIGT96h4q8M67w5qF0+v062bpO0AEESKo66jLuOLhDG+qcb4ruzrbBAJG0yD2pKbkIePfmmXiVv8zbgD6Y5+aTtxFAC6uU55lqqV/Otlhw2J4zVdsDPP3nFSYDaO0k5NOwIEoMnaZu3G5cRPOa7zwDqlu6a7pbhMA7ufeuCRd+FyO5px4Y1o6f1W00wrGDNA2crOWsAz3X9n2o8jztIwIa0dozOMxXYC5tsMIJIPIMVw/hkN/iReMXbYkzyR7V2Odv0ndPIptNtwFc9vlLkk2LwYm8T9UGn6c90yBZttcJJmIr5t6nq312suXrktcdiWPvXsH7UusnQdLuadZFzUEoT2gV4vccFxuxSEHkSTlSa4keW4z2FOfDAnWErjHvSYj1wOY57U28Otte4/AFCsWZAHNDvDuvFl0AgECATtPauWuNuII4PzNdxf0iarp2rd8+XaB57zg1whUBjILfagnBBHEtrYqaBI4/WtlXDKQJn3qRIVcCsYhgMjHbvVSxx5RQw27jJWZgqygZ5JoxdMrDj8qDtLvuDkR35pnp7o2lYJB+ahqMe0toqt7pG3pkCiRMfyrT2FuAqUBJ/hFMNPZDiCNvcS3NX/hFKyBn781lOrRnoLpKAe9+U599CoQ7fSfvQro1ufaYroXt7A6m0YHel16y3lxsg9zMCrpq2aMyNoqpisuVMgCRV1+/+IUMYUxk1QRyazlTWo5mAgAxh0u4sXbbCQ0Rn5oK6vrYcQaI6Td26sDbunEVRq2B1l6BALk1Me8RGaitCFrqWCgbhxWUDWV1Q70nY9Eul9B2DISPafamNrTlrALZ3E/UMTSPpm7T67U6YNgPPtNdMbRW0rAyCPq3Y470hIDAGsccD+Yct1ViVppt2meVAuBeVihmV9yyGJ4knmjQfLtKiGSRuFAXw6wWJBAG3PFIHJYA8/D+Z24nFH6xlpw4LKJVSMDmjNNbubFcnaZK0uViUD5k8wcU00lq5c06lbkRPPapnaVpm54EQg8kcZ+cc6C61tlkD1QOM/enyFiFO+GVsAZmkGl07KqOWbAHAyc050zh7bBv9IkA9q1q261+nH8SpZduf3ktcrXFMfUMnbEGuf0tlzrFRl/dyWOBTrqQCWCUZeBilfSANTqLjknaqxx3oW28gtIabUaqDdVQtqrTgMBExH0/alrs5cuDkninfU23MQWk/THakt5A1xjMse0UNRukbWv0/nt94hULxxNXrcofikmqLF5htvHODTog+Xc+3AOaS3rcBhuZffJ/vRezVmWvFbYH5m2T9U/PPzV6ksGVhK4k0EQjE7mPEiitOWBWYGe9TJKAWRM5LAy+3ZBtGeVOYrdqTEqEAzPetEyjEHjuRQzboGZ+K5nQvQyPKObWz5z1j9m1y4mlvkOcOCAB8UD+1u8+p1HTj3ClpnkzXJdD8WdS6EI0rhPUGJKzW/EXXtX4j1Vm/q7is6zACxz3x816LOnghBzAiEMCBOI8So41dsFSCEHelbelD6+fim/XU8/XgtJIWJOKVtaUEwW5HFZGKsbHEcdVkSP8A68VhLBgCcVd+GBYgtAHuKibCjj+XemGbJNxjYOZWJnkjNW22cXkZTkcEc1Dy0UiQY+BVht7SDg8GOaSzfRAwrE9I8H+MB51nduDp6YnkfFerW+qW9VpBettiTK957141+zTodrqXWDf1SebatYW32J7mvUur9NsdM0W7SXXtrcJDLPH2pUBVQV7S+kdygGeKeN+q3Oq9e1Lm4XtK5VB7CudvbiQd2Pauj8ZeHL3RdYt625v6e6SQ/sfY1zV23vYEH7mhZB5kWG003eQMj3bEwBTvoKFkubSZjgmKReYCI4nGaf8AQoCXB6gfaPimJwYFVbzGnUb76bpOpRTsNy2q/l3muJLFGJmD7V6C+hTU9N1SMJcqqpHM1x+u6E+kVzu3Ac44pV1FAAJmkq7KXVcRbAIkt+QFaX1NC5asJPAJmmGis72UwfzqjOFBIkgniAVIaTT3LjAtwBMHFNLe5w07lI7ZqAtEuPUzAZmo7xacw7mMD0nisLMX45np6WmNFgSKB+UOsDyZIJJgz+tEi81wLKttOJAoXSX0J33ZQEYkU502n0eqsBUuhmOYFZnJBNmeilBiFNCKtTuYbgYkZU4pdfU7TkiR34HvTu/oBbfapwfcGleo0oVXEYOBHau03BMnrowPGfSc9qUliZke8VSRReuAVlMt7QRgUJwMGvXU2BPAei13CulXGt620VmRxI5qGuO7WXjydxMxE1PS2rgcOgYAeqeKqu3Va9cMly/JNKK3XJ2SLlYiPq/lWVlZVdxk9h/KnWaxE0fXNOxIIuCNwU+9dI6qumjcu2DIYYifaub67YYWVvRBtvM0y0+pF/Tpc43LMbo/Ss+qApDLg97lSXUAcwy1bDWiR949qrvWhteYPpBmIA+K0i70eRACkkGealcJKySJIggnj4o9RAqcSSN3eT0jHaUhWUfnTvTr5YCkkfwiO9cxZm3cK8eqc11ekJcorwMSGBobSBZFD1mcFX5GY2kfhxDBgqjO3Joq0fQ7YHAURQaqibzAmBEtVyEleRAFakYLyB8OblRk13lusUNpwBDMY7cUt6DKvqC+FWcUTduwS4QF4gk8cUu6UzJavhvSWMg7s0hI3GxzFL2LscS7qCG6hO5YGcUsUqWuN6SZ75oy/wCmy0cj3PNLVIJO0QhPvSMV3cf3ENgUDIMS63TjBMAClusSLJwJIyeaN3bbd4AkkNHPzS7Vv+6IJI7zXAn6RAGA5i+yCOOOeIoi08kMMjnK0EJLnkx2BxFXWQIJUHOBmuFA/GcVzVw22CwkuoEe01gtcGZkjJFDqwVCrcTOOasVmZY7Dg96CgF7Iz2jD5S6UYwxx7RzUlsk3re0woxmo2WDMDBaOSxogKBlUDMM4PNFrI4zKqTYIM5fxGZ1xAcYA7YpW14hCAViaZdeQXdQx2w4A70qa2uwgwPtzNO4VRUKqpF8zLV5QZZo9sVeHRieGkzPFCbQx3AhiBJlqwMS0iDPBrrBN9pxF4MMUmcQc4A/2raKC4E7T3mqA5bEDGJmrBtjPJ9jQwWxHvdeZ6V4Gf8AwrpyX52KSzFh7U71njK1qwTeup5YjYvt+Vc7p9To9L4bXT39SmluhAyi4csIFIek+X1W9eKGWsLuCyPVS6x6QsGm+yqnYdW1Wl1vTblq4p8m6pJaMowzIryW7cG/BAg4xzXovVbovdDYs24bTLDkCOK88ZFJ2qCfk/lSowogD/Urq3yamtPa36kEKI5IHaMmnHQ2D27pDAbmMGOKVaTWfg/P2ek3E8sknseaa9FVfw8jcMyTNEgsLPEiprJE6rRts073AAQCSvecUD1NAOj7zZDMzbif4fvRukdU0DDbBPEUq6jeZ7DacetSMjdx7RWTXUK4cCezo6p8IpOPu7F1DbDInimuhi2yqVBMHPNLHt77xUqQQeD/AHppp0lsTu9uarq0VmPQB3GjG9qxaIlrgXuIXig7+oe1eCpaQzgMw7UdpdOLqwBmO9Mz0q26jzgbRj0v2rBdMNwuez4Z1PdMQX+qXLds2rlm3vEgqonEnNQ0doXLqsoFvcZxR+s6aDcB3hhwSO9BMha8DuMKICg+1Pa8LjzmRtLUGp1EUDGWu1p0loKxbHzmuf1Wtu3FJ3KFJiTg0fqtQha3LbjAxOaA1yHVEEptAEcxNNpBVORD7Vqs/SpijWu7EBysniKptsquJ45zV2uSLkAkQO5oTyz3Ir01rbieM5O7M6G/1mxd01u0qopVfqAikPmAuY/WpQKpiXIGM0FUKKEUsWl2+sqkgg81lGolCeg6zTNf0rISDIIiKX9Aug2Xtsx32iYx/wB705Zi1zBIE8Ec0jQnR9b2BtqXQOCP+81NixJDR2I3VHYuLA3XCQcTHP3NTZiVIBCqoxjiqdK+1nHrKqDJAEVeXNy0+GiJ2xJoqpYHd5SVkj884FaUJrTL7lbMe9dVp3Fu2hwRyccfFc7bmzqFaGWRIkA0+0jytr6w38M02mSoGeO0II5YxmmokN/6jJFEK4NnbugzzFAooQvO5pg/lUzqDKyMDM8fatAXZTLFQo7F2hFssbFwyCInPY/nQehukFmYhjx9qJFwPbIIMnjPNVWLgAYmCBE1FrbrXk8wqu1gt9pRrCGskSASeZpXZvwzDED3maK6kwCtsHace9CW7+07gpCxkTxXf9qOP1igFhgwcXIL5HPMc4pfqry7WWRtiJjNHm6QGjjkt/0Ur1DEs+4xnB5n44pbY88/OAirxBkdi842GRI71ZacWxJ9I4n70O7y5Bxj4zVttyWHp44X5o3i2ENbjYl2dpAcsQeKskyE3CPeqrLnaSAZngxVtq5LEGYBjAodQJWdjdk49ZZZubH2cg+1HW2AB9QBj86X2WPmCCAO00YLoDtOABz80UsjdcYAFqXicn1u7/mztOCAYFLGlw0nv3pl1V9usKzmBAoG5eg7eQOZorp0QDmXFDPaUXPVMGG4Psa2xgA7jmsJmefyrJgmJGfvVRd0sXgG5KydwY5/vWOQvDEferxc2gdl+1DFy5afv70rBgYThcDmX6nWPq7iXLj7iqhQfgAD/aiugdRTpnU7d64zC1wxTkiljGV3A89q3MjnNd2zJjAFR71XxM9/T3NLYXZp95ZZyx9s0iFyTO47j2NYWO3OaqJGMGphSOIxa+TLsGTIJ9u1dB0UltEDIHq74rn1aRkfyrpOlv5eit4aOcV1mqr0gUDgxu11US0rXNq/wj+9CXNEd9y8zBUHv2FXXNRvWwDJIUTIFW3Nt3Q6lATlNoMcGk1FO3ap+fwmtNRUa8TkA3+YO0yhP1UfpSRdmZPYgUFp2iATB+BR2nU+buUszRExUHz0yyURuAxH3TGFq+CeSIn4+1djqWs9Q6Nbti1N1BhgBxXHaAb3Bk7gJg8iuu6Zf22CCYMd4mvN8QoavM9/QQlK5/ac3c0i6W1du3bgESeM1zJF7qF8lEIRW5Fdt1xEv2LlsDbI9vmkaPZ0lso1xpPEY7VUNsvuZPV0t7DPEGbw7cs6YXrgAnjM/wAqGGnm2VLAZMEDIop9aNxti61wEjOBNZqXVQQASoGOKnue+qZ2GmLYG5yfUoF+A0iKCZSTg0Vq7vmXnMznjiqWQASpJ9wa9pLCieCxDsWlIVz3I/OsX0tJq0EnkRVRBLGPemGZC7k9y+1ZUfKf/prKNR9jeU9EVGUkn0ySBiaT9dW5bNrUoCBbYDjtXQAW2vNc9YHcAjH86C1Fj8UuotkQrAwS3EDFLtYEE8nzFfvEYkAkTWlum4gKjDqQGVIq9WulGWTMZIHNJ+jX/MsG24/+MkEzmmtu4jbT6gvGCTNTYDYQ9D0/eEAhqFydn1kkIQIieab6Qk2lWCpGQYzSnR3vKY7sAjse8+1OtHqE8kPzPsaVE8Mbgb+ERhkgen5ULsXAZ9RHp7/0rGbcrbfgCTQdi5LEbZERMx/WrphjO0ey75JrRply1fSNtVcy+5qPLUicxj4qNjUxaJZQCT3j24oLeGZSVgFsmck1d6EsXCCJJiN1dp2pog2YKJIs4MC6nqHuGAVAn6RiaoCsAAqkfNEahUcbiAW+Wj+dVWSAWxE8Q1cu42CPSzJkKFvmC6jdDkrg9xiaX6hz5bScnE0fdLK9wMm5ckZpdcBAkyF/hB7UrEqRsEZhu4xFwk3DuEn2ImiUIYAlMHBEVQwVrjEYg/xVfaMLgx8k0GzyYptTUuslifYDMe9Wm9tkARnmh1vATIB/OtSRJJ+cmaAJBYQbbxLN7MyhVPP8qutsyM4b6TEqT3qmw/qBGSBxRNs5ZhhiMiZiqabELz+fSOB2Hac91hlGpJAk/rS4uTJiDMimPUrQu6lnAPbIagTaMN6c9pNCgGzLEUc4g8kBiRmpLuBXBE+9WCxLncIURGavOmUqTuLEcCqk7RZ4ir1GgZQ912XYcgewqoArwO+au2BQsYJwYNRZdh5qYwaEcntK2gLCzPzWAHkVIKDJHbtNYskDA/XNGyTEAoYkJkDuR7VkxUwihgD7+9WWtL5hyYE4APNDcO84JcoA9WAWBrpNEPL0CAsRiQOKWW+mq+4+ZsC4iczVqaq9pkIuNuVR6anzxOOOY31upOnt2rswCQDIzH2oW71+7qCw0lsW02+t3EzSi/rrmpXawILczOaqRyqMowpOSTRINZj7uQe8uQlTEY3cGDTHQ3/WAuDmIoK2JCynOZBqaEWLgYGfiaiwtRNaIQQs6fSvscSSBwTRza5rKFhJ/KRXP6bXo+ZKkiOeaPe4PIKkncO815mqgsCrnt6eodu0Ga1nV3ZdzsoJHBpWNUrOSiBjghnPFHXdJbv21IglfciaoCpY3qbUsMfarKBVEZmYjUdhfB9YBqLksFC7M8mrV8/UWPLtKz3TgKOSBWr7o5JddoHIBzQWn6qbGvs3LZICngntWhUsURxM+q4V9oOPOC6nS3bBYXbTW2HO4VSUYofgV2l3q9nV6eL9olSfilGu0OmvITZx7QaoNYEAcTK+kVOG9O/6TnHDDitpbDDjNWXkNtjNYh2tiQT7VfkYmNlNTPKcf6f5VlX+Qv8ACv61lJvi7z/lO7a6wNtiQoJgFEH5zUbwlnXdtI7wBWxe3rIYtJMY49pqF1BcMvdIJxJIn7RVmveGZgOb4/iTYGgS3PaJrbnRdXe2rQt5e2Ka2r+y+U5kcEDFJ+uAWtRp76mACVJIpit2Lw23IBESwBiqMikFWOJZWLC+4hCXYvFi3BgemmOkvi3ZVW4n24pMQBdA8yGUyAcn+VMLZOxVMtzOBFZN5RtwINyDUDTd4z0uoENnMCFgGfepfiCVyDuQnaMYoK3qFtJJhpEYxFSXULfld5JA5xWsDJ3CcSQAO0uLCULLuYdsYNZ59xVKlsbZg1XabMbjE4g1BgAz+osDiSPvSB3qlxFU7gATJvdZl5kg4IAiqrd5hcZiRtDQFA/Wt8LAYjifg0OtzbfOce+2lzYURaxzIaq8WLENk42n3oG5cm2S7mRgip6qC1yTxkDHNCugKhgSD3iibLbmMtYADEZghcoWgwDJmOKkb231Zg99tU3CGBm4YJ9xUiykDc5j2oBbNjIEk98jiTtv6WWctkVYlwwRu+IAFDi4isSM/cVsPuxMCO4mi3LBeJy4scQrTOVfOPmRRT3iJm4SSMYpfaPrEEkj3GKMkEZYiRgxNMlmjwIQwNXBHXzB9WSfpiofh02b8EE8EcVIMwJOJnkVhdgshjMcHiubduJHM52owd7Fte8z7/8A1VflKJIfbOauulmJO6B2ETVFxmZQ0T8kUub4zK0VkAikYXM88VptOWIjYfbdVg5PqO0HEAe1Vn0tIaSabcRzz9oeRKWVlY4kfzqWm096+6paG4k4gUXp9OL9xrjsImDNdD0xLWmCpaAUAkz71NmKra5ldLT8Za8oFpPBmo1YDG7tuNgLtwD96TdT6ZqelX/J1ClWXj5Fej6TqC2gGEzM/FKPGVs9Z0YvETdsiQw9qlp6g9w8z0NTQA0947TjBqDf0rruhhmhruouRBuE9vitWnCOpicRAFRuKFQZzJMVbijPKUWpm2YkgyTj7VsICvIwc/NRYqIEzIxAq3SA7mtSOQadlCixKEruB7w3T5tJtJLRERUntsDt2lSPj/ip6HAUHjuImj71lbYDAyxnEViLrheJ6dWu5TEnmNp7gJuArMjtFMNH1dCCjnJMA1XeTAwT8DmtL021dYutyAOe0UWCH3vrI6YdGtZ0Gn1dgLBZgD7UNruopJCMFWRMDmkyWmRvTfZonMfNA63UOlwolycc1BdHqsGaX9oZcAVUu6lrfNcqpEd6XMZ9XA7VsCWEtJHua2UVi2ftFblXbPLLs7EiNtx2Bg0EqPtWiLqCFG5DyKs0Lg6JCxPEe4FTuGVYKSR7kxWI4NET0LVsnvFWqLXO8kc0MDJBOCKY6khZAOY4oBQGNalOOJ52oNpuT3/J/SsqUqP/ALrK6/hL7V8p2QuKwErDBtxIP+1Re+imSQ88Y/7igl1X4QsCDk5xB+Ki1xrr5SVJ5B5rSxogkfnxmElWFY+sr66qXNMjqAGVwZ7Cmgso+nskQbjAEwBSbW3FOmujMESJpt07UF9OjjsgNJeN74P2nabEKAkqullugAT2P60ZZO1fU3eINUXFLB7ozPH5VFXZbYN0QpzjvUmNsUX8+XygK7j18w5lCk+sEkc+1Yv7tMQBIz/vVdog2XAAU8nExUUuQ0HhuK1FrO4wFS7Gu0Otubl/JB+/ats2SmARnHeh7UqYCkiYB96y837ycA+3/ftUgjo3wi2tsJeR+7EGQCC00G4CuZbdjj3qJ1EkmDI4j+1RuXEa4w3bm/2oAXR5z8oAQV24g72xuJGGGM0DcuG2HDAD2I4ou6RbubdhAPJHNLtbdLWX5OJk1xFHPHaMuwYOIHc1KDeABHxBq0EuBtHopbwT81davlSuCEPANKOkRrxmHo0pwAR371gj0gkDPMZqGnv23IVVyOxqxn9MiMYilzuNCKAt8SVv0uGUzmiid4mZP86BtAohMg5nFWHUev6Sc81ZgQBHoe9LBi3J496017aCZAj5iqhfVtxMwDJFbF9Wn5IAJpW6noGC93JliMrEw0e5iosNi5gD3ArFXapgQePv81JjiNu48ZosG7Gv6hAU5uQADktG1cj/AJqq6iqQQcTk1ciFYkR3M1XHnX8TApCbtT2lUA3CX2Le6NvB5HamWltvtC7ZHFDaa0SgXke9OtFYOxRG7NYXYtgCeoigACatAyFLR7cUamnW9bZCeVIPGakunwJVty8we1G2UYNAXMYJ9qXaSbSbQBW3vPLNbZOm1z2wSCHiarvWzySCZpt4jti34gv/APk3+1LroleDtmt48zPnm6WKmVFIiCu7sImo23KXgwjnNEFVmIhv6VReUIQQMNRzwYWAqxHltZVXQDafajrTpdENBPGORS7oGsR0bS3WCEn0N/tTEWGs3oEkd/8AmsOqvYj5T0tJrRe0jd0yeYxUg9gaEuWwsjeB3xRzWtrYQLMwTmqDYbaYyOT7VIV5ypIYdIgTFUsEnBjt96R3oe8xAnNO+ov+G08LHmPiJHFJFBfcwwB8Vv0hY3dpj1zkBuRNH6lNWpAM4zWJZ3opzM0QyhBDGTzFOzUaMmve4Voj/keylSc+9EeWoXcdoxPIoTQuRYcRtIbI+9F+XbQMWEGJwOTWTUweqagdovvAb6Iiqd3IPIiaXOIYgHE05vx5cECIweYoPS9Ov6wk21XB7mraTGZtUbqbvA8/x/zrKdDwvqSJ9P6D+9ZVJKn/AMTDNo1D7i4E42nAqwaeOJ+wxist2y14sZDk98xmjBZc+oZB4k1ZtMgMDWPzymTVGMCJtWn7u9t7KcGr+jX2/DIshhtjIyKOu9Mv37d+5btu6ohLFRgClXRAV3jMpwD3pxp4px9a+3+4f/q6jG65l9pUnsAMxVVq6blvYTxiavgksfoEYJM5qmwsSscmSZkVAjYaA+/+xFF1QvzhVsjyvVBYY+1Ss72YZHp+f51U8C2QCfaRjNWaVgbLANLHBmqEgG1z2jthjZzCBcIk4J3TJ71ot57kGAQMCqWvMtxQVMDjNQu3CMCM/OanktR49fp3xIncSSJYV24gDH8/ehrrnzGjg9+asD7wDyAcgA/pVNxg11hHqA5nvTbG0zfEcAtQHbvKnaeRIP8AqPaluruE6YyP++9H3Lha223B43H/AL8Cl98+YlyBBPzNNWSStGHpJsRcIyTBPYg8VJgARDHafitom1xuFbuQHEAe3MCgVINVHbLA3chabaZBMzzOKNt3QykYE44JoW3u2IVhiJBzVpAUqSIJzM0AtnmAg2bEKDFFkFRH5TWrmAGAJPfuKrtElIgTM54rd27MpBApn01BFzgsrKk5DcHkCpkYx3zPaaklg3O+Y4FWjThVnnIGWqQOdoh2kmiZSLpVhkbvias3MwmASDM1MWcMfSxC8H2rPw+4kY2njdNcoBBrEsha7GRIPqCQFiQcSBV+nU7iuDPtihwvqUTIAyAcCmOkXcQTBNT1ECjA9Zo0wAeqG6WAq8CYOCc/bFN9KBMET/4kT/8AVBadSoYgGQfcj/vemVnAV9wBjvyMZrIVsjvX55fvPSQBQBcsJJZTtIzEAUZaG24JBIIiIzQbqWYDaWtjuDRNq6yiAoCgQCTmuCiugUZbLWTwJ594pkeIrxmSCPqPxSy6SxkAweYGKZ+IvV4jvDvMT+VDai0VVVB+CY5raCQoBnhuWLEgY85DaGb0qIABmCZrGUOxDxkdhVpLJCQFGFieKiYRmgHaaNHbHBBFHmLityzcxKsvBArq+i9aTWAW7rfvgsCeGpFdtyksNyg8ihLgdLqsCR/CVNM+nvUWaMCaz6DDyM7xrarcGBGQRBmI4obWXbel07PcIUiJnmk/T/EVywrJqT5qRAZRkUt6n1C5r70iVt8Kv96xeEXamxN//KAW17yjVXzqr7MO5MYnFSSyLaGeSMVLR6dt0dyc/aj+p+U7oLILAATPvV2NMEHETT9n8RG1G57RaoHliRIiZjiidNpG1Nt7lsYX47VfobDtvvXB+5tifV3+K6ToOt0p6fdZ7aW+Y/iNVIUE3Jou0URYnGWiVuMoO37im1sFrQJ+3FC3yt3VXHQALOAPajRba1ZnDAiYBrLqsCKlVQNn6fD7wG/IMn29qadB/wD2jldpG/O7JpXeZu6gkCYro/DVhToWZlly5gjgUVNVizM7uC1g8GXO43H1W+f4P+aymH+H2P4D+prKxHW0weBM5TUPnOd07O+p27oyR6Rnmun6L4d1XWryhSw0yH1XIAEA8T3pF0G1audXtW77Rba4AW759q9pFuz0zT2ksqLVoGB6cH719j7N7ONZy+61HnzPNd30l23zAE6RpNF0+5ordsFLilWLYLYjmvEW0b9O6/q9M2AjGF969iv69XJZrpVhugdmNeZ+NV/D+KPxIxbeCTx8Vb2gDUUE8idpEsKu4I25CFZi0/TPaoKu15MQBI2jk1NQ24+vcxBjEVLbtUKIBIy35V4RQnH1mkpsAZoPfLAjbcJzJqNnUmyMSZPNYbRuWsCV9+CKCugw0g/Vj3ApdqhsRGbOBnzjH8SzsRImYHvWjchwoICjuRS23qD5stiOZotS77mB3DkD4oV5n7QLRFtDHYKRlh6RwKqeUfkmMQe1Q2EhcbyR3NYxJuGfVBAj4oFM0MiDqA3DmRvEsDtG2czApfdkoZeQ3aJo64CEK8+84oNrbZG4fr2qnaziUs2QRBLqzBAwORWnuIQAMGYj2oldMTc3AkDg1JNGHIO0Egwcc1x967grzgqWioUJJLcj2oi0ouW4Jh/YipppmVpX37YiprpSGLEgEcQKO/cDODDdcpUbnQg5+e1EshkGd3fgVpbQt3Fzg/rU7aQSAST+tJ0nuYAOqxIgLIJSQT9qmT5lsBRWAsScjnvzUlXBjFcEF2scAhsGRBIhcA/IqTKZBDCI7DA+KwhkluCPczVhQhMx7n2p9xC7bjk9QDHmA2xuvOZB/KKZ6MZgfTMGBSvTncWY8EkjP8qbaQQsSATmaysNpIP6TXpX2/WNLF0K5Q+oj2o4EFTugg/rQdtNgg5XvOam15p+pgmYzk/lWQ7bWjxfr8hPRW2G4cj4yVzWlWTIBBz/APdX6fVBrTGSCM8TNcz1K89t15CsYLAjP3oh+pixoXeQWgwJwe2aqexF8xC7Cw3aJtdeOp61edWwGke1V8sSwkiTIFUWQxuEkwxE1e13cIURMg54rTV4HE8wE1Zm2JYgwSKiWK3JkqIgAirVQqfpnHIM0NqHKsZMtxRUKI7Fl6hibLlyAoJioXJZoGCKkijYDx71G5MDA20MYlirBcyp7JUkkz96xU8qByZ5NWC87OByBjFSt2GZjOQOaJNQIpZwBDumWi+9yMD86qv3W8xxAjgGmWnP4XQvgAsIAilFy4WDApxgg1jW2Yme/rKNDSVLzOq0ypc6fbR4ZPLUAEQJ70TY0WjRBvshiVMRnPtXM6DW3LFlyxJtgQFPAqi91vUXNy+Z6f4YphpAtdmeTToQxxct1F0PqrxFtUUt9Kjj2qZ3WwG3RjmM0DZeFJYZPeiUuD33AjvXMvlxIhi5IBlN+6xBEz9xXV+Fgx6cGI9Bcx8D3rkL/qOWgnuK7Pw6DZ6Ra2qSeZjmqpgihciEG6qx8Iw/Cu2QVg55rKqNt5MWGI7HP9qyr+Mw/wCg+k7xVHc/acxbvkKXAAZTuyDiPmvQuoeILmv8J2tUsB7MK+0HIj7150u1Xe3tJkn1GnnSeqI3h+/p8g7xM9s5r0F1wgYAYM8zU0zQc5qEW+v661b3+UbloLMFDSjrmpHWVe6oQXlUehvjMj3ph1vrG9fIthVRR9QHNIQcBtsDbEgUninw9gcx9JBlmFY4maXUBkRjG4LHFWm9vVWAVSO+2hNHcGna7ZbLA+w/rRBeFB2ySeIxWQMiHdzOpgBjiSa4xBYkGO2aB1LwrARBOGE0ZcBaJthRHMd6q2ysFBt7nuaK6oY2Y4Via84tt3j5x3FTJySOKPtOSAAok8Y/2qFuwWYwBM4BGaLtWxuhx6vtyaFre43Yg28Cbt7SsBQSOwxNY171MroJ7girXKjDHMdh3qDqFuMTIbtIri6pgE5nFW4PHaCM+5CCBEwBFVlJmVX47VK9OIBHPHapWo2iRnuTzSlxdrxF6hjm5lpTsztJ7gg1OSCFGFMGRNbVQu+CJIwSKxDsEHkdoxTs1YUzlFXiYVbzIVFAiSQKicmGgGMR7VbZIDMGwf8A15qLlXP0iRxQG26vgRsk2wAkRG4EqCR3P9q2I8wnlQBIA/pWyxA/eLtBEqR/vUlKrblQZ5OaYDuLgQE8TS2QVYACO0irhbG0epVIMGQcVDzJSCO/3mrd828iJ7gCiws5P6QhST1DMqVJmGBn+EYNUaj91bMvLHIGT/WincAyBJPJNBa65NvaRljiF7Vy1ZJa5YghhfaU2WBuLKgKMyBTWwDAIAH3pVpBscDJieab6UqREd/aszBeFJmzTo2DD7RuIvqAECI7GrPMJSIX04BJNVSwQHOOxzUHchQApIPxWfehAUk3NBwALxFnWGVbQaV3THFKLupN1QDG0DgUb1u+jIijEzgDvSkECYJGO9bdJiFs83+ZmLV3KTLkuEscgkDFX2oyxVZ+AaHtjbkCTyTFWPdQA7gQ3sMCiNt0bgQkAHkSxrwRVkhfiqsNcGFMmoWxvJ7jtir0tC2GJ4niM1zbV7zQiO2SMTTsBEAA+0YqE7xHuDyDU0stfbaiOzcDE0f/AIDqwqM2nMsIUkDJpT7oMcW9heBF1sqhKlYPvwKYdLvi0jqUVjcG0M3tR2m8NamQ9+2iemfUwGalp9EmjZmu6myr9ipn+lQcFxQmrRQaValiA9U1EIloECBmO1AWrZ1F4IIBbvEUfd0emu3N7622xJn6eKjpbmh0moLG610nAKrwPem2bVoQ6ntGm+pvc0LgvUbu0rZWNiGJGJoMkMh/0t8CKL1VpZ3oTctdmNC3CWAAAPcxXIaoCZ9V1YlgeeJZbJ2H8piiDCY9JxgCh7bNGAp7Zq9iyoWAG7j6RVHJyLmLaQOJTfMssgARgRFd30hFs9Osjg7BLKvANcBdckj0iYifmmei8T3un2xauoLoX6SZGKCjFgkGK7byQwudyLwIG26Qvb0nisrkf/zN+1pAPtWUm7X/AM5k8LRlPmMzkTncZYGq7FxkvXbe8bTk4ic1K5i4nyW/rQtrGqufn/Wtuqx0ztH7/wAwam0iq8odfvS8FgFiM9/ioWS0ESY7QaDLE3WBJIit+Y34c+o44z9qm/QFbuZPcb2gye1k1iErhvTg1aJc4EYJ5/3oXUkrdskGDv7fcVaxP4UmTMc1PNbpYghbBhiKYE8wDzUwQCQIJn2oC2xN5ZJPFGXsW7ZHO6JpNKmNGFid3pMtFTcMcE1Isq3CCTv5MVSmPyraZ1FycwtOq9TWZAMzULloZWZSTIjiq9+QAfeSDFU2WO7k96zcTdEk/rU7xcdiUQmYxEMVMweWk1C2CCWYqW7Dg1K5yfzrWlUNyAcHmr6KB8jEoq7yKxYuWKdkq3fuRUVb1BW2+kf6a3dwt3/1qWk9VsznB5qTsUNHMm7bTU2o81DJInipKogTJz27CrQALafaqrmNPIwd9INW+2IFO5sibUqGM59hWwxVj7UN/ruHvFSk70z7f0rSCSNvrLaQBQEy1bsEARuJmrN0gk5z7c1XAmYzIrJIHPf/AHNZSwW6ElvLdUsRjBYMwnhQJ/Kluuurd1BUFh7Tz80e5ItOQYpRc/8AmP3NXNG3M3MoAVvMQ3TQu3O4/PtR+muncoZQftSvSE+/+qP5UeSRJBgx2rO3BYyqCyIyLMu9gYJGQM0NqLu2yCcD3qy0xZwCSRPc0PeUfh3MCdwFRUA6efOX1emItZcFy+TEgVSVYsIwPkVLUfR+ZrdsywrWCaueYTvJMx2EjbwO3asRPOmQYB5HFa/1Gr7XNr5Of1qm2n2d/OV0xuh+g6Zf1wLW12ogk3HwKJujp3TSwc/jLh4Cj0g0d4juPb02nVHZFK8KYFUaWzb/AMAvNsXdAMxnmu9o010lBF3c1vq6i9CmDXOv6rS29lmymmVuCF5Fb0q9W63buXVvM1u3PJj9Kl4nAF3TwI/dLR3QXZOhelis3GmD8VVGAHymUBrIBnPaZ7mrvG3ev3fqA2oJJzRo6XpTrLlnebvl2i7E8T2ig+mEjqF8zkKxBojpWbeuJyY5pEcFwpEmymxmFXug2n0ukeyBvkG4O8GM1p9Kqvct2gEDq1wRkkDtRGiuP/iN4bjHlDE1BWI0wMmfJfNT1XqyO0Y6eR8TOeN63+AW0QRd8ySQO1VA4YAbgO9QTJBOTVmn5alOMxx1Vcnaum3bMMOcGKuYNslmiRjGK3aRSjYHftURm0s5xScmXAO0E5gt3dA9+eK2lwXFAeC3uancJZEkzzzQa/WadciRI68w/wDBf+afrWUITmsoZ85PavlP/9k=","Ronil","Gonzales","Cajan","Royal Blood","aklan","1980-12-23","40","Single","Male","Purok 1","No","","19512659595","cajanr02rtrt22@gmail.com","","310 W Las Colinas Blvd","1","");
INSERT INTO tblresident VALUES("174","","","data:image/jpeg;base64,/9j/4AAQSkZJRgABAQAAAQABAAD/2wBDAAMCAgMCAgMDAwMEAwMEBQgFBQQEBQoHBwYIDAoMDAsKCwsNDhIQDQ4RDgsLEBYQERMUFRUVDA8XGBYUGBIUFRT/2wBDAQMEBAUEBQkFBQkUDQsNFBQUFBQUFBQUFBQUFBQUFBQUFBQUFBQUFBQUFBQUFBQUFBQUFBQUFBQUFBQUFBQUFBT/wAARCAD6AXIDASIAAhEBAxEB/8QAHAAAAgMBAQEBAAAAAAAAAAAAAwQBAgUABgcJ/8QAOxAAAgEDAwMDAwMDAQYGAwAAAQIRAAMhBBIxBUFREyJhBnGBMpGhI0KxFAczUsHR8CQ0YnLh8RWSov/EABkBAAMBAQEAAAAAAAAAAAAAAAECAwAEBf/EAC8RAAICAgICAgECBAYDAAAAAAABAhEhMQMSQVEiYTITcYGRobEEFNHh8PEjQlL/2gAMAwEAAhEDEQA/APz3t3iql2K7opV74uvuPBzAHA7VIjfkY8BZoVpYukuZHYkCK6EmpU2Rblfy2O2iCgBCkxg96P6n9QAxEZz80rbZckyBECACT+9OWAhkwZA/uA/6VZJRbdl4yx+wRT7goEhcVpaMI0ARj8VnqwW5B5HEmndDcG5AZYtiaCV+SKuSbsc1UnT4ALHsKWz6Ckqo75pjWP6mlHv9MTEHFJkKtsAFyB+azkkuvk6GvkN6faWkAFu9XZDhjABEx80LT+Yxg5qb12ATJntTXSwK26xoXuXSUILR5JFLvBcMfEbqvcc3B7eT3oLvLQNwA5A7UFWFayS7WrXg8/8AVTEaZQYlmgya8+t0hLlogOCQROYr1fV7C6vTujyYMqe4rx7o+nvlZkqYk1OfHb2GVXaGtQzLajjFAt2ixBKiaPqG9O0IHPgUDeyjcMHihK5NU0Tcr0gtsxuxx5od6+vpkrJYYil72oZpBoCExSOPaTi/4Gt+EE9VUUEgF5kVpWL1vUWx2YcrWOWkA/NGtObLqwzBzTq7tPKGTpo0dTbKWt4wAcg0kNUp7CfmtDqj79Jv3ElorDOBNCUXHEXX7GeWaS6tFPyePiir1FQcNn4rKM9qicDvmj2Uo02GOF+x6/oujPVldvU9oMQT3pu50S4jHY5BGJ7Gq/RqNY0RfILvit8o+QRMsJFVUbyXh/5E+yPOHpesQiSTNUFnU2UE2zk8mvVJbuNdkH5iBR2snbbLgHMyYxSdW94BPiilaPILa1bQRbHnFFWzqVE+kZPYV6W1Z9SZgxgQKulshVJ5/wCVWik2or/n80NLj6ul/U8rea7aZVvW9jH4g1W3q1VSvBP81X6u1pHUFTuiQRWXo2a7ljiea3Ekp/2ISk4uqNsaqe8RR7PUlD7BHM+KzEIX2Hz+9Asbm1wJHk1VNezN/G0ejTqDIyqSJ7Z5r6V/sp+prnSdXcBYANnnFfIFYOVIJ847Vv8A01qb2l1XtJaJEcV1wTr4sEeRcdSktH3H/aZ9Vnqf089o3cV8C1F5WDHucQfNeu631R72hdLjNJH6W4rwVy8CDDAgGBVOS+PBfllGclWBa7d2sx2jB7Vn3nAb9MkmeadvsWSOG+az7qurFSRP2rzHFRdsi0nyLBxbcAJlvA5oNxjsIEKDjmuLFg08UCWUCDkd65K6+dglL5LyTcEqODQnBbbAAMdqsRK89xVbrs0CQQfilalp5NbaSK/3cAwIk1yx2A5jNVUFj7mERBqNpwCRHanprCdNmaLm4Af0j9q6gbif7TXUf8vL3/X/AGFPbkQREw5znihsAbkQxtjG6MUqbgUw0gA4I8Ua1qVbAkpPLd6opKkq0DkjdNobtEBpaTAkQaZ9U3GUKkSRxWWtxdwJAacTMGn7LoLqiZA8Gt18yZVTVVQ4F33GVh7+ACaY0xZG2z7RQrYF1iyEAHMGriUurvYbY5pVTdpkaWE0ajCVtgA8iqahAVYL2Oc0A3QyBkMrPmouPKSBnvJp5bedF47eMUFs33B43TAI+atqbmxB2OcUvaYsFAwZ8xVtey7Su6XjPigumX7Jq1dMTS628gEx/wAIzVrjeqDAHmYzQkQKk/pxmDVXfc5/alX28eBXSSaQDU+8ZAEeDWDrrKC76kCYmK2dXJDBSVAFY+pm5B74qs1p4F71mhPUyEJ4B7UuilwIyPFG1DSu2MzzS7Qk8kCuSUb+hu1uxK6ZbbwZruFjbJ81XlqujQ0VRR82ZyyUuYA8zxV4xnAj+ahlkE4x5rgAojNNTM3dIfd9/S1B5DRJrPKymQSZwVo5MaVgeAwNCLHZ3FJKlJNjLdFVQAk9vBriAFHINWKgmSc/FQePNM2llMLd6PofRBbt9F0zoIJAn9627dq4zB0mGIJk9q8j9P8AVfU0AsBB6aNETkV7PpTg2QOZFXj2zK8F4SpVQVF9G4JUAsJxRXtf01eD7WzmuvoFu2S7TmJJmmn2iyApDDcMClbuORrai1RmaZSBeESQZiqWwWtpxGSaNaBD3wex5HNUEWrcjJgyaKbtJBtNNnzj6r3nrN/k4An8Ut024WZrZEQOZqOu3lfqmouAwpaJ5oXTm/rjbxSqWbZx3abNZZcqSfaJ5qUAVlILMYz+9QDtMcgdjQba7yDOA5mqXtX+xvjdxGHtSfaWHmTXpPpm/cs31BAfM7iK8yG2xBkHtNbXR73pOvuiZz4qc5yirujo40pTVnpvqHqCXNMNy7SQRjvXgr6K24qSgnABmvS9XvepYhoaBivIaizuJ2krGOaePPOcU3L9xOSKvCLN6hcCd8E+04ilHve/aRBnNXNx0dQwkExI4FLNqFeJMEck1pu6br6/6I07wy4YbY5zQ7jAIPbH5roUcHJ7ChOZQhWJAPfmuZRV7KN/RxkKREkdhQixJDZIOADiqXd3piTg4qh/Svc0XJrMmL2vQU5IIGR/mrbgMcx5oK+7H8mocBeDJ+K0l2WBlJ6kFJzx/j/pXUCH+f3rq5/0pewdPs9XdDveYCVzOO9RaVjdE5BnkUd7xQgGTOJIiaWN1oIDEHPAqzUry6ZTOmXZPSu7xnnFF0Ynd74+JpRbrKwkk4yTTeiJncCvzjmircEk8ixUdrwaeiuQHVWJI7k0/adHSC0+3k+azbXsVmP93cUxadrVgKACGM5FV6xUae/4/wDQK8jiXCI925QKJYHqXZIhBg1nOzujAYAI7DitPTsRaBgEk9+5qWnd1ge6bfsuikMSOxABqusB24GYq1u9lgrgw3cUPV3t4B3Ag4wIP+KePWTqLJJrCQooJtlZGIkHtQrk74mD96K6llJBEDml3M3JbP4qVxl+LM0tFNV+kx+/msbUKPcADFa2pdtoUn8RWXfclmyIjgCq91rtoGE9GbeBRYLE/FL3ot2Z5MwRR9SfcB2oOpY27JYwfjvXOlGX5AuKwkZ6n3HEVbv81AbcSe/zXETEkfiqqSfxTC2vRLAxIP4nmpYgqMQajbDf4qc+Vp0kvIPBZnAUrOfFVc+wGZM8GuJgZiahmGz81N12oemzgAp5JroBGTtHeuDZ5FcGGalp0ymtGh0Uldau1hBBivpXQ3LIuRAiQK+ZdHubeoWswJPavpnR7gBtkEe5duKvHqpXY8G1l6NjX2v6dm4DkMOKh7cqskkA5xmmtUm7QBhysH+a6JVfkzPimb6+cjRdeRC1bDNe/tjuKR1bCxbvmQFCE5rVsJJ1Hf7iKxeuzb0OsIx7SB3xFHvJxtGatYR8rvFmvu0ypM0bpjH/AFUgwO9LO5BgcUx0r/zYA7ikpkIVeTbRWu3NoEsTS2hJb1FIhg8mjb2Qs++COCPiqaK3eu3r10ptVjgCtJqGEzTzjQR5B/SF8xTWkukMIwBzSmoO2JABnNWskqZH6j2P25ro4oRm+reTRnTj6NDUapmUjdkZMiso3le66TB54rQ6j0/VdI1Is6pYdkW4J8ESKS12h/02m0OpHN/cSfIBiqcnBFzl6SM+W3fsBcaAsmCe3mgXkViZxmiuSUGe9L3GJ4rgmrfWL80GOJWwFy0ADtMT8UAbhIBj5NMMSFzA++aGLkRuXA5g0so3KosWTabfsj0yyfq3L9uT4qLlop79sBQJHmmtOGvuoUewdjTtvRevq9XZOD/p96iI4iqz6vjtMVPtLpZjWHS6XB9pjANV9La7QJAJz2qXH+n1CxDLzxWlpNOt9b9pvaSsoDXNHL9lG6V+TN9ZP+A//tXUAuFJUqQRgiuqfX7Nj7PV3GLuoUznEmqIiltxxHMnk0NpQNETOZPNWtNJAPf+K7cNqV4/cS8ILcUsfaPdGOKJo0jcYj7/AJqrp6ikzEDBHar22YpIZgwiJpe69m28GhaC7WBBbHFXsMoJlQAAY+KDbYlczJHar23NuMzikuMtE3TGF2l1YHBE5p5QFT9IntWWzb7i7RnvTwvt6bbgDV1LNjQdYZUXBbvvGAO1Rc1QZGAQmaWdw7DAAJwQalwqvyAPtQj1k8IX+Be1eBRlIP3HagjVTeZduKDuOxiGyfNJXWdb0iR+KnGUXjyButDuoIckTkcieKzr4AUxE/FXbUkCTkmQYpZru4QFA+80rl1TTeRp4qtil4SRumZ7UPUgemQQZ+1F1DAvEQRzUSzEz7hMZ4pk3LX9w4pGQMdsk1cqYyM03ZAua1mKztEQBWraUOoAWO0UFJwd2B5ZhLad4hSfxRx0++bZb0/wDW2iBWMCAKZRWA5EfmrLKwwxzo8c4KsQwgioJO0Vq/UCKl1AoGfHesuQTxA7Cp27yxup3tJ90/irDaMVWOa4YnzSt0ZqtjnTmVdbpzOC0Gvo3SN1m4gZQoJlSDOK+Y6dyt22fDA17/pjOutsby3p3UKL8EZpu0lakPCtM9+lkXOmuYJlDBJqmnUMiNiYB4q3RWa/03b4BEV3T7X9HaWIg8xVFNuuw1eUgdi2Z1DPAJY96899WH0Ok6w4yhr1VxfTSJmTOK8R9d6j0+lagRG9lUH80yaSuLGeFR8zJ3HI91OdMITUAx2pAsd5Peneky2pPgioqWWc6dKjXdkuWipkS0Ypm9obv+qQ2o2oZG4nNKXlh7S8S05+9bgxcngHvW7bDFLcgXSvpl+o66zb1OpP9Rs7AB/FevP+yxgivZ1VwHsz2wf8VkdIuhOoWG5hu9ex1X1NqumaF9R6wbBCoDIH4q/HN/lJ6Ol8acPaf9DA+rPpbq3WNeNU16w7i0tohlKTtECvLdb+kOtafSaW22n3myCCFcHkzTP1B/tF12p6abQvFWuGGYc/xWD0r6p1ml1DMbm/dEqTIit/me1pZvyQjHjtKha907qGmJ9XQXlA7xMUpcV7TglSv3FfWtN9bt/+OVX0GlutdliSwwK8tqOuWNRf1Eae3EzL/pB7ADxUVOKTTZZ8KvtZ4pxP6hAJqrINxkY5NbtzqHS9RavFraW9QAQDbXE1hXJZpHH25oRlHSI8kakmtD3TmAUlRMd6Ztaj0evaZ2H6xsIJ80Hp9spZLwY7Un1a+/8ArLNw8rEE16E4x/QSs5ONr9Wy3WdN/p12FSr27jI0/eRV9Aw9azkBnUrunggVpfVAW5pi6MHS4iXN3kxmvNaXUehdtuDAUzArzlKnd/3O2dOLR6P/AENp/d6aZz+sV1Zx191zuBABzE11G/v+/wDocvx9v+S/1Hmlzkj5HFXTBDHacRGapcVWJIztwsmrWlXbHAAP+aTkUpf7F5YWC4fcx4xiADRtOzlYBABAnHFKBSrkhhPaKd07FiAwIAyT5o09tIyaUW4jSMAzDg/NTpyzkAgDMZmoG190FRJmWImasLbKVLEqR3mm6Sd5wR7RGBIusynbET80w1yLJLBVnihMd0e4EnGTXXFPG7aRiOZoaeAwy2Lg8GV2g4+Kq5MkiuuiLgHz5qzKZOD54pIKqr9wuVvAA/pMnkzmlb7kuNpAJ+Ymj3DAjx+KUdS94QIM0JxaXayKoHcODgbvMZNLM/YRPeZp+7Z2AkmD480let7WODxOa1tu1RV7YJ3k+6B2q6ArA9scgeKra3MM4A7UfYBBAg02lSA5LRS3bEyAADyeDT2ntG0sxEmZpa1CNHbvTlv3phoB880VHzEW22w0h4yuBgZzRCuz3QOwAoZWBMyB4qEef1PzxJwKKWLGTpGH9RsRfQY75FYwaK1vqJp1CRwBWVAk/eldvKKdrSIH+angkxUA/GK5iYwRWUXJWFU9lkO0gzAFe/0d0v07R3gx/pXFYmexxXz9RK5r2nRHY9AIVp9pH5BmtJ9VYypn0z6bedGTzDkY+5o+lBRmBiJNZ30zfF6xcZOC28fnNP2rkKCMHdHmqRUqsqpey+rO1SxEACSa+Zf7QtZ/Qs2QRuZt2a+jdRvBdNBgM3tI7V8h+t9Uup6wyBpFsAfas5XGqNySTVI85/cZ71o9E/8ANk4EDE8VnNyaf6LP+qiJxSQ+Tycyzo9Do13ay0WAaGMVfqOvTQhnciZwvmqdPMaxDEhQSRPzXnOua1tXr7o/sQkAUZJU0irWHZN/rmp1F7d6hQA4C4j7U6/1Nq2tGwL5e0ZkEZrAqQxU8fzU23VGTvNjT3JM4BPxQvVFvIOfihs5BxmqggmKaMaeAKllDY6ne2gb2A5xVl1bXgxdwhbkxNJGBFSciKDj2yMs6CvCwQwaZ/FH0mpRWKXUFxSIUzEGk4nvUY/+qRZdoS6dHpNPqbd7SwpA29qzesD+so7RSVjUNYMqcHkGi67UDUOpGYWuyU+3AvZzricJt2OWy93o7s7SE9sE5rJtH+qnbPNPaa4p6feUtDSME81nid2Oa47dnQ3Yw+lh2yOT2rqt6985937V1dNIWzekEQAx+SSa4XRbtwSTzVbb+rwJ7mrgAkBlk9qmpVoE7Soi5cAMDjxNHsXAJHnHxSxfypiDzRrDSSuzbA8fxWuTTUjKKp0adgenbgloyZ8/9KKjSsnI+aXsv7AAJYD74qwuBxBJE0e1LGRbVaNDTlDZTkQJplNKHO+4Ns5E0tYUtbRRJAySBFaattCCDHeR3rOkrZSOsmTq7QW6QoEjImhgBnYNOAc//FaGsVzqt8DbEwBWbfUAs3uE4z5o+UyWEJ6iAzFf5NBQH15JBwOKY19oWGVShkqIjEmrKjK4UiDIGRSdvaMl1wweotyWIzI4rK1C7U8z25raviC0ABhOYrL1DBWEjA70G2M82kBQ7QwjcJPc4q4/XBUgDgzQ0MgnycURWkiAKesWxX9hbaiZYE5wAaLcvqiAQQZoNpsTAkVV3F79PIpE08onT8F21JuD2kgnmuS+UhTmTyDWn0j6f1PVWVdPaFxtwXmMnihdd6Hq+h6j0dXaFq6SV2zORzVV3/JrY2med6627UW+421m7s8U/wBZP9ZPhY/ms+p07tFEdNcAJzA+9QBFcT3pms2EsDivU/Sl9LlhtM8ssk7fE15UP3rT6HrTpdajEFVJj70uk8B/HKPqn0hc9AXtOTKggDxit5gNhUAHvXlui3CdaxUFQ6DnyK9LbubRk+7iaMZdUuqLRbezL67rVsaN3I/3as5/Ar4zq9Q2q1D3HMuxkmvo3131MaXQtZSfUvnaT/6a+aOQDB5nmmbUo4Jz3gj81o9DP/iWxMCZrP8AaSTHNP8ASf6buwzjippNb0Im9G5oWPrviCEMV5S77nYnmTNeu6Ws3bsn+yAfvXleoWxZ1t62DwxrW3geVixrua6agETFBppDKqJUAkA0YKrNPB7DzQtueaZ0wAI3Zb/FGTcc0GNN0jvRAOV/ftUi0sxtEH5pq2gc8ftRRpwZwYPY81z3R1qCWjPbTrA2iDQDZNsE/itR9PHbj5pa7OVCY8CsnTojKC/iZ5YmRFSDU3DtPEfFU3/FdLT8EXdjWkZDuR/7oiKAwIuPHY1fQZ1CgLuJPAqNQ8X7hAjPBpGktMRp3gOupUKAQZrqU9X4/muqvb7NTN/pr79MDtErgk08loOqkyEPGe9ZfTm9LVX7TQMkgsJmtpUZLSnk8yOBNLyRcVcNoX8dMCLJa0/YASI+9DtgqSd357U0H2IVSNxnmlbgyxiODHmnU5LC2B0sXscWQIHMz/FMWrbqquDBOMUkrbgQAT7eYp/T2ibK7TkHuIpYwvLJrCwaWkubWQQTI5+a0g24DMkHis60u4LcJkqMin7d1SQSTJE8cVVNNuLRROy2qtC6pMZHasi1bnUAFQQCTHitPVT6cr4yRSGjC3L7+3b7e1SSXZ2Btp219Adba33rTFQAATHxSe6LxOcmtDV3CMf28EVnMJusWAP/ACoyl1rAHG8Mm6QVaePmsrUEZKgEHxWncIey4I4GKzrtrapAPxWaxbM6ntiYYJACyIii2zsXZnnk0JSpf9WPBo6CIGPvRVyQjVeSVBVYjNERwpH3zUTFmOcz9qEVgfzSNW8oVLNo959FHbbd1Mww/wAUt/tFu+pf0ZIgw3+a8/0zrms6TB0zhczlQanrPWb/AFq7au6hgXQQAFiun9TtxdFdjdXd7PM9ZX+ugOPaP81nFYxM1p9WAuakmIIEfiaS9MA81ztvFIrdIGDNcTAq62wD7siuNsT7aYNlFyB2oluVcEHIqBb84PxXBAB+qKSpSAex+nvqEC9bkRcUQRPNfQbOutanTC5bgg8jwa+b/RHTrWs1ty9dXdbUwB5Jr3fUdDp9BY32WZUcmUng/Ao24Rp+Sis+ZfU+uOt6zqW3lrasQmeBWI20Gf1DxxW59SdHPTL+9GNyxckhz2Pg1iEqD7cyKmn2eBap5ODyQIitLpWEZ/4rLJ3Ga0ul+xWzEUzusmS9HountBZvCf8AOvI61hc1l5xMM5New6aFKPuIIxmvM63pz+vcKj2liVB8TS20vk8FKlLRnn810RXMpUkEFT4NFtIGb3ZHzRfxVoRW8IoklhAmmbSbcMCc1dAq/pBEfmpY7WlsUk5SkqOmEYoZt5U94/imU1Pt2RH4mkLN5S43TtHBrWsWbN+3O8RNc0otOmjui70xa5eQqDB3UpebcsECDWrf0i2rpiCg7gZpDU6eF3yI++aWMadyGp3TMi8oCE8xQJBBxTuq9ltvYAJ5pIsDXZFuStHncsX2C6G4beqRgB+ajUib1z/3E12nsuzSnbMmoe773kSSTW+iTvwD211SH+K6hYMm7qIsdUsuOD7SR3rbu3AtsBfGc1j9XANoOCSVMg07ZdtRaR9x2lZJH+K6ZvrChMSVl7ZlHc/pHearcXaWJyQozNEBbMBtoGPANc7EWszBUT4p0pKPYWSWmiumdiCg71q6ddgGR8SaxbbsryI5rdsvu2kmccCljq2I8Kh1XVUH2BNNKfaGJApYOoQiYMRRVaVkkmMU7j1ywxqLtl9XAwT34BpHpQ911jwuBTN25CgqOe1J9PJVbpY/qkgVLzYceC+qZbgcgjAkTSNsbg/E8UxfkWmIiY70rbAJPcd5peTDu7QmaoHI23BHBikdSW9PjB5poOFS7zG79qU1DCOSV700XcbkDLzoSAnt+Zolkw/6snHNCUhznnnj9qva5VhiaDbfk13kY9xkGB9qhrRJmYHOKHJK8mZoyPIjOa0XkWLVtHIhdtoojJtuKCZzzQ7REqTk0ydpgnP2o23gqpRo8/1V9uqicRST3AGxxTnVSGvs22OKRYQp+KVt3YyzksGJ5OasjDI4NUMYiun3TNHKNSQUe4keKjDZioRgJJPNduHmmV+DKj2f0q40OhS8G2+4sxrT1P1AmrAd3UJ2E5rJsXrFvoiWrt5LLRuG7k1laMDX3rnpkn0huA/4qTkwssEZK7PQ9SvWNXomS4relcX3QMqfIrwNxAjQDIE5New6i4fpZJIAjE8149gbjwBmpQa2VavJFm2blwACYzitHpI9jMf7pikrNxtObm0gMV28U/08bLXefim7VkS/R6DQM3oXAoycDOKXZRf1N0soKIoEL5o+kvLa0rk4n+aVe+dObjczmOaT/EJtJo7v8PNJuLPN61dmoYTMk8812mHvJMQccira5t2quEgwTIkVbTqCVB4oN/FWTSXax+xaV2Xt96HqlFlJKT80xaQuSBAIpy3ovVt/1DC+RUu7ujs6qvszbWqt2rQ36fBkgkUFmt3X/pobZnPIrVv9KJt7DDryBNIvbNuVWd3cxxTd7ZNcbS1g0LBdbSh2kciaz9Xq3ZSEUeM0U3CdIybwIpS4WbTbQF3TIdRU4rs322Nyy6rDFdSbjWYaPxSqxbYE5ijXENuySWMntFLbq6YN6OKdto1G19u5atrsC7RFZrRJqJriYrZTtkUqJx4rqrurqFD9T1urtC7bYGAYjIxSPR33JsnaVJ/7itJgCpz+k4Hmslf6HUmAO1bnB+av2k3RC+y+zWt3R6bAlZj9xUkblEwsKBMUKwEAJYnjmjH3pEmPI71RtNt6Am2q/sAsgm+wDBp7RWzaOx0LrxgACspd1q9nAjmM1qWGUtblmBAqMcbwL5od3knbIk0bf/SKmN2aUQBnY7iauzDaBBir22ngpm6QVGJsycGMA0tpW3FtwiMxRlYG3BqtpgrE52nB+1Rc3GKfkW8P2BvspttkATilEchjAGKJrbkg7ePAHFAVgR7Wkd6VNN2v7E9O0UmfUBKzOKQ1JjdJz/imjcn1Fb2xSDPIM+cUYvEvoq2tNg7US0ESBFXS5BjGMYpZpkkYBq6bZwYnwKydNtrIrWcDSKWED+ashIHIMfFCtkKphjRLbq6Ft3fxRSdtBS9FrbAMPFMWyqggkA/NKeqgcCRTCEK5PAjj8U6kutG0jC6m5OpYYj7UmxKjiRTnUj/4kj4FKG5AjkVHt6LRSrJwO6oiKhcVVu/mqt2DrmkXg8xXTHIogcrb2yf2ob5ihhxo1UXvahr7S5nAH7UbpesGk1tu4zsqA5IpSJrtsUtJIGDU13W7l+3csW1C2S8g94rLmDNcTJyc1xEVlUtGO3E1r9NYGws4IPI75rHra0ICWEJA5kUraiZ34NB2bZbHxOapdsPqLe5CBGD81Nxt4tHg7RNH0shbg/EVpJNMaMnF2ef19r07w3MrE9h2qEBXaRiidWsejr2HkA1CexQZmeRUH+KOnj+WkaGhMsZM/I5r0/SRYu23FxNwIxjNeY0jCVMQK3OltuYQfZPeuWT3g9PhTtUCvaNlvPBIWcfasXqd70r/AKVv3MOa9fqmT02YHAHivMLZFvVXbjQQTJY9xTLpurZTnj/8uhbS6G7qkb2kMBJx2qvpNY9pIMHI70+2s9NQ9u7I4IAoXrK1tizTPkVpNRyjnUIXlmb1G0F0hMANP55rICk1qdQcMuwcc1nMhHHFdUGqODmq8MrIrjkVFWHFP/AhVFYNdVq6sG2evFsAncBmThqzOqIA9u93U+a00UC6wkZJwDNLamwLqtawcE88GuhxeyPZ1bLKdyKViCJAo1mPSIPJA3QazOnXN1gqW9ymnrWVI7mkpLLeRNLBexlS3KxBMzWnpQSq9toyQfisvTOBv3YU9uJrTs3E9AADAH70OqrGzNp5khlX5E5AyD3qSxYgk48UlaAkkkZ/H2opkSIknjNWdJYYE2vAx6wSfdPwO1US/wC1pkSecxxSRY7oJjOQaMLhFoiZAPmppdX2RqBasrmT/wD1Q7SETgQB2NWuKGs7Rz5moBCN2HYj4pKT27JpYpi90TuJH80ne9ynwOc01duGWBMgmkroIAMU+LpDveEKIQDDf5mi21IZZBoTqJmYq6445ovdhbaVh7RJ3Crqyqm3jPagI2SGNcxCjHNNvIOyyqDCPUESR2oltj6rD/nQLbDdz2o6jaWbvEn5pIwVWG1WEZXUW/8AESDJ7k0meaa1qs92eSaWCMQTGKXqroteER3rok1YWmJ5ir+mqidxmcURk/BDMINUMmKggjJap3A96EUrBLZwwc1JPzUTIxXEfatJK9iEHOe9dzzXVZLZuTHaskvA9lDz4rZsqBpreOBnNZq6RnMSJ+aYXV3UAt7QY7zWUU2xTRuEom4LIUCqt1S3ZVRbTfcbkEmkLmsdk27sAeeaUS76b7sk03XI9rwM6q8+o1G6/AbAgVey6q+2MfelkctJJkk8mrBSrbgYjtUnFSR0J9VbNnTKgIj9NP27yopOCR8zWHo9SC0A/g8U2t6UOSTPauaUUpUdnHypLqtjtzqpZdkc9u1I37v6izyP+Faq6hgJkE+P/ugta2mG3MAeIoKMatsac5PBRmti3ILGe0zVtPc2GGJg9x4rnKA7QCB2xSt+8La7UmatSdI5OR9ZKmU1Vz1SxzI4oEbh/mtQdOtajTI9pirEZHzSV7SXLEgiR5GaNrSJTUpPs0KOsRFcATVyJNSgAbtRyQtspsPiuowAgV1C2C2ekZsyOZgx3odxQvABP+aPJkTMjtzVbhiSW2g/8X+PtXoW5YUSbSaTMtQdP1BxEK4mBT6XNr8H80l1EenfsXMDtIzTgLoJYgkgfipyi4u4jU2cp3XgRkc/inbDwoHA+TSKjbchTtjimbbkW1x9z2qSV4vZzSy85HEK7QO/P3FTMHj9qAh2qchoHmrC8Zg7Z+K6pZbjH0M38qLEFzMT7vNVJEleD2Jq6wDzk55qhAZpnB8HFc6i7pjrGirEcCCPIoO5luH27j2Bq4GwlZwBM1U3CLhI7eKZLrkm/bWBXUOwnAH5oReUWYmi3l3swPJyKVYFVI7is3cdDbwAbmuk4I/aoLAucxJ71YAH5IpEsWO/RE4JzJq8gJVEODOINdJAI4E0XjCEyXDQRBpgENuMdvxSyn3R3pjCqQDzQXY2V4FDbDH4rnsL5wMmrMdpI4HzXMDmRQX5FQBQBj2FDNsTOczTbLJIjjuRQXG4jzxisrekZOgQtKyScGoFndwox3JohtiCSM1QiT3EU7jqlkN2UdCpz+1QsnKiaNbtetAJP271oaXQraIZoJqTdOpBiu2jMXR3rokWyR8VQ7rLxBUjsa9fpVtgCRH2FC+o9Bb1OnF21HqryBiaEW5K6L/pOrPOreNzccB45oXrF1gxj+apwBnNVx7pOfvVE6IEyFEDvUcnFco3D/pUKYcVpSdBSyFtZH6TzTfpSM4FBtoS4+DwK0fQU7ZGSOahyS0jsiu0TL2G1cO2jWNUCYYxNFu2SjbSMzz5oK6YXDn2seO1I5KsoDhTVGnZC7FiJP70W46JbGAZxWVtuWCE3fANUvXmQEMe+KVQbf7llyqKeNDGsugKWGT4JrMaSJqWlz3/ABUTjP8AmrxXtnJyT7O0NaR3a2QpgLyZ81dmZbm3LKc4oeiM71HczRbylMAZPBFSdp1EpGNx2KXVO7GBzEUMijsDjgc5NBP/AHmq6XUjJ06SI2/Jrqn2/wDZrqWvoS2enW8EmRDA8zQ7mo2D3cnz2oBdbW7dIcn/ALwaFdY3H7mYr0JJJdo7INvyT1Rlu2FZY54jNObS9tdxAxNZ+p9thwZwAQDTemdWtKCxJ2iaWEk3dWw7WzmLbxAEfejpcITaIE+aC4PYxGQahGC25OO/3pFF20K/joaN0W8KVbcM4q+4yCYBHc0BS20xgxVg/tE/vTKPZsPd3QyjhLn6lI4rmuKr7SI/NBTDQZAPB8115wPiPig1lxYtxTsITuzkCfMTS7sUuMQJqfUiCSYHfvQ7jIHYTE+aCVKiaktJgnLHdCiT/cTS91yUk8dzR2cRBOPPnNZ967usuAcGs1imVja35Bm+m4k58Vaw25yZjPakuKLbubGpE6wVqhsMeOa7cQapaYMDBkxmRXIMYAGaCXsSv/ZhFcG4aMrluSBS4UbjJhu1Xa4FMEH71TEVdBeckl8EcmeYqWuHiMUI3VJqwZWWJ/ipyjbuORmolwwYnkGofnj81AMADDfIqbjAKCPzSxjGX4pirNEc8Chvbls4B8UZTCmeYoN5isRj4pmmMo5oLbEHAg8U7auDaY/mkrShoO4VoaayWIEknmYrmlFxadHVBNIYssxAwcd6cRc5G4ROaDatFSBEGacRYA+IFI428o60nlM8d1SwdLrrqRCzIpdQYmAZ81t/VNn+vauAcrB/FYyg+mI5zXTBdkmjzpJJtJlUG0VUj3cUS2pMA1RuKpv4CIe0w32wyiWXmm0cqwmOMms/p9/0Lo3fobBntWs2mJuqUhkPBFcri7SaO/jalGolGTcxO2l7tmdxLLtB7DNHKlW3ENgdqGysZ3SSRxR6q7Hvz5ASWIBgmeTSmrkPBxWoljbluRWTqmN28xB+KZRcn2SIcjpO9gwWjEVOSpJWIPiqhGPxV0wp3HFGn5JRfkNomIvwMSCM064jkA458VnWm2uGBin2wufH71KSXay6/HrF5FbqyuSPxSpGYpu5lCf2NVtaO5fUugkAwTVIxl4WyLd5bFdtdWkOj3yAQRFdSd0T7fYyYd90Eg/HFSUCnjIrras7l4jJxR03Nt9uTgyf8V60kptwq7OaTaj28iN8Sjg8RNF6fc22VEcrRL+iuXLdx0tEqok57eaU6YVhu205Hmp0lb0h0nKNj16ZJEiP5oVt5tEf3RGBRdwdiYbzQB7CQRg8QcA/eouX4toFLTQwtzYgBBJ44oypIgAgjzSvqxaIKnHee9GsXWhgEkgiT/2aaVqT7YQvVZQdSUI7H79qgsN8ERQmf3GRzQ2uj1WBGBilk3Kk2aMaVBGdRI4k5oV0Hdj9Pap9QTMBvk0GQHeR2iDH/Ws5XSQHegdyJiTNLagRaI+cGmXf2sAIJ/ilbxLW47zQliTseKcBQDNWKgHFQZ3QRFWMxxFJabuxiFJHBimLV2REftS/AmM1Y/8A1Tyt02B5GDIIPeucBSGgn4JoaP7SCJjkVLOXTCGBS350ZIhjuA+9Q2ASORXAZA4nmjKgCkjA8U+FlG0wSGONwPzV/WMLg+ABU1zJKDNCH5BWW2cL5niBXW5uNubI81Q2wonJM0ezOJESaW+qoeMbY5ZsjbIBYfFP6e0IGCY57UpYIAgiZxT9lPaBBEfM1yX7eTtS0/QYLOf0x4o9oyoIEEGl/cBt/s7GjpcBknGayk1rCOnfkyfqsAWLDd9xE/ivPoT6bGMV6D6rk6SznO4Z/FeftqTYLR3ro43S/wCUedypdm0dakEQSKt2IqLCzuJwIq79qdk1EXZShyMVp9K6kqTYvfpjBmKTKHbIg/E0uUKvEc0HlUVg3DKPWC2hIAWJE1C2VByIPiP/AJrF0XWHsMEu+63BgjkU1rOpraskq4Zu0HiuZwbeGzvhyRcewLqt4WCUU+9v4rKRGknnvNS1175LNkmmxoymmFwmM8VXsuOk2c6g+duXhCxGxZ5NQZj9NWYEnin9HoELIty56bESIzRvwxYwalRmnG08QabPuWZyKnq1ldPfKKT5odr2gHJ/NLJdXTQvXJzPvRp9sCa1OjnbpyP1S5471mXjINbnR7K/6BN2NxPmtGSu2gOr7JB9jH+4j4iuq3+ktnJuOT39xrqXrH0zn6GbbBuXeSMnkVs9L6Tc6pdACn0xG5ojvWV0gJe11pLnttloJ8V9JU2tBZRLShVHYV7nFxLk+TeEcvI+qXVCq6PT6PSHTqQVKEEN/dXzN7B0PVL9h14YyImK+hajWC6x3Sogj4NeJ+pCi9Z9cAw4E9s1bnUZRXRaNB+JAFYLPuLYqqQZJ/xVrY/qcdpznH3qGG11ECImRXk7dDadpArlz2gBjFTbvhODXXJ2jH70tcPpxIP4NNdNZKNXgb9dWMTBqWZS4gzjNIpfKk4zxmmC7PcLAYjvU8yf0T6DDMXCnIgdqGzrukTJGagBim4gD81DKwuMVIUfOKNtUBRd2DZgSZ4oFwy87jHxRslSCAZ70MrtXIrX8qK5F2gxA4xVFEnmfvRBaZjjmi+kBHxRkrDoEFAAM57irW1W4DnPiiLYME4k+KkWYBJMHzQUksMyV6KC1DCGNFIgczVVXaOZNWLExEZ801o1VR23G7ntFWX3CRgVAHtj5+9WnNTk70F35OBA5qXWQJJbE47V0iSCCPxUgSYFNV02N4ToXuGNqk5o1k/p7DBoFwf1TImOIpm2pCgA44qc0pO/A8bbqjQt3FLYPntWghAG6CxEUjaUM5EDPFMK0QsnntXJKtROy/iFuXlKg9h2qxYMQR2ORSGou+kCWKmO1Vs6wPwxHx2p4umit9sVsr9TXFOlsKDndOPtWJa/3cEznA+ae63e9W7bUGAFk/ekrYHpEcmea6IXHeThvtLBCAqogy1Wx3/A7Vy7i4leB2qboEzHeBTJxboOl1SKMYOWJx3qqjA71O83F+KkqVIpe1i5ptqijIFMTFUVATir8z+1WUTmKP2wqOMIvaWfbzNEuObcAHHzU6RSbpMYEmqXJdi0ACeKhJpzo9Hj+PHjFjXTdMuoS4zAlhEYnvTV3pj2W9Vr2ZwR2pDR6o2G2wDu4+Kd1nVdtvZG4nt2plumzmbdXFWLdU0q2DbLXWuO/uPkUIMtlFIwwGDFVu6t9UQdglRzNTcLFMmD8VpJ+wfaA3mDEzhua9R0pVHTrMGSEk15RlkyWk8Yr1+lU/6a0oBACATFVhFKPXyc91Kgw0rkTBz8V1QLN8ACW/cV1Rt/R19o+zzwvFAIAkGZ+1eu6h1htZ0G1ftx6lshTHBx3ryQdQWOJyIrQ0WvZ+lXrQ2kAgQwAivV4+VVJRVHkzi3FTvIW11TUWkI2rcU9zis/qlxepD1UjcqyR+TTnU+o72Fq3tXaIJAyayixmViaXvUWr2ZUlgtZu/0wxiIiKspLKoBERjHFLWGNu49p+J/NFVyEiRzXLG7oLiSRkAmfzNL6khCOI8imJIUGBH2zUX03CBgkdqsmryyjpMQBlhECT+KdQAZEEkRNUSyBBBgzBxTCptHAkCRNTqnjQudEEsvtniqlNh3QIPjvRDB9x5IwO1RcEyTEjwOKVddMWpewDH2GRx2NDBJABAAOcUVjMzkVQQXIkAAYzWT9mVo4JGYHwauqbzGBVgAxJEGpAg7Y901lLvoNOwYHfaI/muCg4aRmrq5kggRXEgkRz80JK3rQFfZooVEyCCKkKJyob4ImrDySPsa5sAkYJ5imaW6SGe9kBAswBtnxxV9oKyIIrtxYLA/NXU+0z5oZRml5ZQKHMCCajCEZ+81c4uQPvVCCFJPNaVuqHTFYY3GOD+Katy0ADbS9olpJOBP5pmyxHAk9iai0y3HlOx1LhPCyQPFHP6AZE+aXtGU3JyMTRy/tA+KhGTWKOhRTVCetTcpiCY7CkbeoFgEiJ4intZcKo2e3FYp9xkjPerpWvkiPI+rwXu3GuuXY5NTxboZPFFBAiRIFXi14Fj+NlwwQYUftQ7twOQAQAa64+8wMVyL7gIqUrbvQyvkd6JAAEAfmquzBvxiavccbMTzVQRPk+aN4zopJpfEqoLGYjzRUgGDgfFQFLRGZ+aas6G5c2hbbMSfFSbvBbi43YRttiy+w7g3BpCPcWgc8Vrarp2ovEKqgIowSQKUPTb4IUpP2NIl10i3NO31vRSwItG6wAAwCRS1y7vnM95pzWae7prSqVOwR2xSIng8eKaMX2bEnJYijkEGYxHimCZEACI70FWhSOR4qxJA8Yp5pp5OXMdFEDeosKDmvYadSEMCJ8V44GSB3PFPWOs3dN7XUsRiZzTOSUrZHzfo9WoQgZX9q6vPD6kaB7D+9dQ/S4xu8/QAq24jlt+RAwPNVt7w729xAMEggZogULfgAAR2oZxcEYk11uaTaSIzTW2Xdt0knAGTAqqksxltyx8CqWc347Qa58MYx9qhCdS6pAUU2orBUwl8FpbcPGauNwInAPaBQ9R/vF+5ogyRSykouq80FxaXey4G4Ln96KqlmC/z3NDt5Zft/wA6MvY99w/511RunnBBO2wLKeTM8wRxVwDyAMiuuZYfPNUtn+p+a5pUlZmkTuK4LRECK65KvNDNScsaM0lTeQ+AcTI4qqK0btn8VZ+TRGwyDttNFNPI/oqg2qVY7Z7gVIADHaY+YrrnNVHLfeqzSi244wn/ADDKDvf9DlQsB35zVhaCKSTCnvU2uB9jXXcoo7RSPVexWmnslWBk+IE9q5lEnIIqqiCKg/7x/vSTnSSGRIyRHFWZyVI4g8RVbf6F+9S36j96RyTajQeOFtysspO6QfdQrzRaYnBJNXsfr/FD1X+7FV5a4pUgxAW0OI4pq3Kt4pa0f6n7UfTklRJnNTiuyKrZpW/aZ4Y+KrvlRP6eCRUz7l+9Dv4sn/3f8651JOotFE5XSYnr3GwRMnsazj8imtb/ALxaWb9S1W+uiPIneTgM5qxacZq93Dj7CogbeKdZSk9saKukibdnIzBn+Kes9PvXsBYHO84Aq3RkV9fbDKGEdxNPfU7FLm1SVWBgYFNGpOmi9/px7CP+k0llQL18uQYhBirLrNFYcC3pfUJ/ufuaSsqDaEgGjdJAbqVsESJODVZdYJRolGUppuxo9X1CXALWmt23PELXXm6iylnuraEgSpGP2rvqMBep24EYHFBV2I0SydpcyJwc1OLSeRoJyWWXu9K1J09+410t6Z48/NUOiuIwJvMqhQxhc57Cti0T6WpE4LvI/JpXW4W9GIZIirSVtSISTt2xHSX3LahGZ3VEJ2tgms5f0kntWrYYjqGqgkSn/Ss/UD+oPvXG5qUdeSnHHUgK8AxINWnGYqlsn1AJxmrMSSZrR+T6spWO38Ch9sETP2qy3Vcw4z2JFSOPwKG1RvNMnIL6X/pP4YV1LyfJrqNgtn//2Q==","Ronil","M","Cajan","ron","Plaridel","2021-04-01","33","Married","Female","Purok 2","Yes","Positive","19512659595","cajanr02@gmail.com","","310 W Las Colinas Blvd","1","");
INSERT INTO tblresident VALUES("180","1212321321","American","18052021113745sl9JaS.jpg","Ronil","213213","Cajan","","321321","2021-04-28","33","Widow","Male","Purok 3","No","","19512659595","cajanr0222@gmail.com","IT","310 W Las Colinas Blvd","0","re");

